Queue Size, Name, Data Type, Num Bounces, Time (ms)
128, nocas0-40, int32_t, 1000000, 70
128, nocas1-40, int32_t, 1000000, 69
128, nocas2-40, int32_t, 1000000, 43
128, nocas3-40, int32_t, 1000000, 51
128, nocas4-40, int32_t, 1000000, 62
128, nocas5-40, int32_t, 1000000, 47
128, nocas6-40, int32_t, 1000000, 55
128, nocas0-40, int32_t, 1000000, 73
128, nocas1-40, int32_t, 1000000, 70
128, nocas2-40, int32_t, 1000000, 39
128, nocas3-40, int32_t, 1000000, 55
128, nocas4-40, int32_t, 1000000, 64
128, nocas5-40, int32_t, 1000000, 45
128, nocas6-40, int32_t, 1000000, 55
128, nocas0-40, int32_t, 1000000, 74
128, nocas1-40, int32_t, 1000000, 68
128, nocas2-40, int32_t, 1000000, 39
128, nocas3-40, int32_t, 1000000, 53
128, nocas4-40, int32_t, 1000000, 56
128, nocas5-40, int32_t, 1000000, 51
128, nocas6-40, int32_t, 1000000, 57
128, nocas0-40, int32_t, 1000000, 74
128, nocas1-40, int32_t, 1000000, 67
128, nocas2-40, int32_t, 1000000, 37
128, nocas3-40, int32_t, 1000000, 53
128, nocas4-40, int32_t, 1000000, 54
128, nocas5-40, int32_t, 1000000, 49
128, nocas6-40, int32_t, 1000000, 55
128, nocas0-40, int32_t, 1000000, 73
128, nocas1-40, int32_t, 1000000, 69
128, nocas2-40, int32_t, 1000000, 39
128, nocas3-40, int32_t, 1000000, 54
128, nocas4-40, int32_t, 1000000, 60
128, nocas5-40, int32_t, 1000000, 49
128, nocas6-40, int32_t, 1000000, 55
128, nocas0-40, int32_t, 1000000, 76
128, nocas1-40, int32_t, 1000000, 68
128, nocas2-40, int32_t, 1000000, 41
128, nocas3-40, int32_t, 1000000, 59
128, nocas4-40, int32_t, 1000000, 57
128, nocas5-40, int32_t, 1000000, 44
128, nocas6-40, int32_t, 1000000, 62
128, nocas0-40, int32_t, 1000000, 70
128, nocas1-40, int32_t, 1000000, 69
128, nocas2-40, int32_t, 1000000, 40
128, nocas3-40, int32_t, 1000000, 55
128, nocas4-40, int32_t, 1000000, 63
128, nocas5-40, int32_t, 1000000, 47
128, nocas6-40, int32_t, 1000000, 55
128, nocas0-40, int32_t, 1000000, 71
128, nocas1-40, int32_t, 1000000, 68
128, nocas2-40, int32_t, 1000000, 43
128, nocas3-40, int32_t, 1000000, 53
128, nocas4-40, int32_t, 1000000, 44
128, nocas5-40, int32_t, 1000000, 49
128, nocas6-40, int32_t, 1000000, 57
128, nocas0-40, int32_t, 1000000, 78
128, nocas1-40, int32_t, 1000000, 69
128, nocas2-40, int32_t, 1000000, 40
128, nocas3-40, int32_t, 1000000, 54
128, nocas4-40, int32_t, 1000000, 60
128, nocas5-40, int32_t, 1000000, 52
128, nocas6-40, int32_t, 1000000, 55
128, nocas0-40, int32_t, 1000000, 69
128, nocas1-40, int32_t, 1000000, 68
128, nocas2-40, int32_t, 1000000, 42
128, nocas3-40, int32_t, 1000000, 53
128, nocas4-40, int32_t, 1000000, 69
128, nocas5-40, int32_t, 1000000, 49
128, nocas6-40, int32_t, 1000000, 59
128, nocas0-40, int32_t, 1000000, 74
128, nocas1-40, int32_t, 1000000, 69
128, nocas2-40, int32_t, 1000000, 40
128, nocas3-40, int32_t, 1000000, 54
128, nocas4-40, int32_t, 1000000, 69
128, nocas5-40, int32_t, 1000000, 51
128, nocas6-40, int32_t, 1000000, 55
128, nocas0-40, int32_t, 1000000, 70
128, nocas1-40, int32_t, 1000000, 69
128, nocas2-40, int32_t, 1000000, 45
128, nocas3-40, int32_t, 1000000, 56
128, nocas4-40, int32_t, 1000000, 58
128, nocas5-40, int32_t, 1000000, 54
128, nocas6-40, int32_t, 1000000, 54
128, nocas0-40, int32_t, 1000000, 73
128, nocas1-40, int32_t, 1000000, 70
128, nocas2-40, int32_t, 1000000, 45
128, nocas3-40, int32_t, 1000000, 53
128, nocas4-40, int32_t, 1000000, 60
128, nocas5-40, int32_t, 1000000, 46
128, nocas6-40, int32_t, 1000000, 57
128, nocas0-40, int32_t, 1000000, 69
128, nocas1-40, int32_t, 1000000, 69
128, nocas2-40, int32_t, 1000000, 41
128, nocas3-40, int32_t, 1000000, 54
128, nocas4-40, int32_t, 1000000, 44
128, nocas5-40, int32_t, 1000000, 44
128, nocas6-40, int32_t, 1000000, 57
128, nocas0-40, int32_t, 1000000, 72
128, nocas1-40, int32_t, 1000000, 69
128, nocas2-40, int32_t, 1000000, 36
128, nocas3-40, int32_t, 1000000, 55
128, nocas4-40, int32_t, 1000000, 60
128, nocas5-40, int32_t, 1000000, 48
128, nocas6-40, int32_t, 1000000, 56
128, nocas0-40, int32_t, 1000000, 72
128, nocas1-40, int32_t, 1000000, 68
128, nocas2-40, int32_t, 1000000, 42
128, nocas3-40, int32_t, 1000000, 54
128, nocas4-40, int32_t, 1000000, 67
128, nocas5-40, int32_t, 1000000, 47
128, nocas6-40, int32_t, 1000000, 58
128, nocas0-40, int32_t, 1000000, 75
128, nocas1-40, int32_t, 1000000, 69
128, nocas2-40, int32_t, 1000000, 40
128, nocas3-40, int32_t, 1000000, 54
128, nocas4-40, int32_t, 1000000, 63
128, nocas5-40, int32_t, 1000000, 68
128, nocas6-40, int32_t, 1000000, 73
128, nocas0-40, int32_t, 1000000, 81
128, nocas1-40, int32_t, 1000000, 74
128, nocas2-40, int32_t, 1000000, 53
128, nocas3-40, int32_t, 1000000, 55
128, nocas4-40, int32_t, 1000000, 59
128, nocas5-40, int32_t, 1000000, 64
128, nocas6-40, int32_t, 1000000, 68
128, nocas0-40, int32_t, 1000000, 84
128, nocas1-40, int32_t, 1000000, 69
128, nocas2-40, int32_t, 1000000, 43
128, nocas3-40, int32_t, 1000000, 54
128, nocas4-40, int32_t, 1000000, 48
128, nocas5-40, int32_t, 1000000, 41
128, nocas6-40, int32_t, 1000000, 60
128, nocas0-40, int32_t, 1000000, 72
128, nocas1-40, int32_t, 1000000, 73
128, nocas2-40, int32_t, 1000000, 58
128, nocas3-40, int32_t, 1000000, 51
128, nocas4-40, int32_t, 1000000, 59
128, nocas5-40, int32_t, 1000000, 56
128, nocas6-40, int32_t, 1000000, 61
128, nocas0-40, int32_t, 1000000, 78
128, nocas1-40, int32_t, 1000000, 68
128, nocas2-40, int32_t, 1000000, 56
128, nocas3-40, int32_t, 1000000, 49
128, nocas4-40, int32_t, 1000000, 54
128, nocas5-40, int32_t, 1000000, 60
128, nocas6-40, int32_t, 1000000, 66
128, nocas0-40, int32_t, 1000000, 78
128, nocas1-40, int32_t, 1000000, 71
128, nocas2-40, int32_t, 1000000, 60
128, nocas3-40, int32_t, 1000000, 55
128, nocas4-40, int32_t, 1000000, 59
128, nocas5-40, int32_t, 1000000, 61
128, nocas6-40, int32_t, 1000000, 69
128, nocas0-40, int32_t, 1000000, 80
128, nocas1-40, int32_t, 1000000, 73
128, nocas2-40, int32_t, 1000000, 60
128, nocas3-40, int32_t, 1000000, 55
128, nocas4-40, int32_t, 1000000, 55
128, nocas5-40, int32_t, 1000000, 61
128, nocas6-40, int32_t, 1000000, 66
128, nocas0-40, int32_t, 1000000, 81
128, nocas1-40, int32_t, 1000000, 73
128, nocas2-40, int32_t, 1000000, 60
128, nocas3-40, int32_t, 1000000, 55
128, nocas4-40, int32_t, 1000000, 58
128, nocas5-40, int32_t, 1000000, 61
128, nocas6-40, int32_t, 1000000, 64
128, nocas0-40, int32_t, 1000000, 69
128, nocas1-40, int32_t, 1000000, 73
128, nocas2-40, int32_t, 1000000, 41
128, nocas3-40, int32_t, 1000000, 56
128, nocas4-40, int32_t, 1000000, 59
128, nocas5-40, int32_t, 1000000, 60
128, nocas6-40, int32_t, 1000000, 65
128, nocas0-40, int32_t, 1000000, 82
128, nocas1-40, int32_t, 1000000, 74
128, nocas2-40, int32_t, 1000000, 59
128, nocas3-40, int32_t, 1000000, 56
128, nocas4-40, int32_t, 1000000, 60
128, nocas5-40, int32_t, 1000000, 58
128, nocas6-40, int32_t, 1000000, 64
128, nocas0-40, int32_t, 1000000, 83
128, nocas1-40, int32_t, 1000000, 72
128, nocas2-40, int32_t, 1000000, 54
128, nocas3-40, int32_t, 1000000, 56
128, nocas4-40, int32_t, 1000000, 50
128, nocas5-40, int32_t, 1000000, 61
128, nocas6-40, int32_t, 1000000, 67
128, nocas0-40, int32_t, 1000000, 83
128, nocas1-40, int32_t, 1000000, 73
128, nocas2-40, int32_t, 1000000, 58
128, nocas3-40, int32_t, 1000000, 59
128, nocas4-40, int32_t, 1000000, 58
128, nocas5-40, int32_t, 1000000, 60
128, nocas6-40, int32_t, 1000000, 60
128, nocas0-40, int32_t, 1000000, 67
128, nocas1-40, int32_t, 1000000, 73
128, nocas2-40, int32_t, 1000000, 57
128, nocas3-40, int32_t, 1000000, 56
128, nocas4-40, int32_t, 1000000, 57
128, nocas5-40, int32_t, 1000000, 61
128, nocas6-40, int32_t, 1000000, 64
128, nocas0-40, int32_t, 1000000, 83
128, nocas1-40, int32_t, 1000000, 73
128, nocas2-40, int32_t, 1000000, 60
128, nocas3-40, int32_t, 1000000, 56
128, nocas4-40, int32_t, 1000000, 59
128, nocas5-40, int32_t, 1000000, 61
128, nocas6-40, int32_t, 1000000, 71
128, nocas0-40, int32_t, 1000000, 87
128, nocas1-40, int32_t, 1000000, 72
128, nocas2-40, int32_t, 1000000, 58
128, nocas3-40, int32_t, 1000000, 56
128, nocas4-40, int32_t, 1000000, 58
128, nocas5-40, int32_t, 1000000, 63
128, nocas6-40, int32_t, 1000000, 62
128, nocas0-40, int32_t, 1000000, 86
128, nocas1-40, int32_t, 1000000, 72
128, nocas2-40, int32_t, 1000000, 60
128, nocas3-40, int32_t, 1000000, 55
128, nocas4-40, int32_t, 1000000, 58
128, nocas5-40, int32_t, 1000000, 60
128, nocas6-40, int32_t, 1000000, 66
128, nocas0-40, int32_t, 1000000, 81
128, nocas1-40, int32_t, 1000000, 72
128, nocas2-40, int32_t, 1000000, 58
128, nocas3-40, int32_t, 1000000, 56
128, nocas4-40, int32_t, 1000000, 60
128, nocas5-40, int32_t, 1000000, 60
128, nocas6-40, int32_t, 1000000, 65
128, nocas0-40, int32_t, 1000000, 84
128, nocas1-40, int32_t, 1000000, 73
128, nocas2-40, int32_t, 1000000, 40
128, nocas3-40, int32_t, 1000000, 56
128, nocas4-40, int32_t, 1000000, 58
128, nocas5-40, int32_t, 1000000, 58
128, nocas6-40, int32_t, 1000000, 62
128, nocas0-40, int32_t, 1000000, 86
128, nocas1-40, int32_t, 1000000, 77
128, nocas2-40, int32_t, 1000000, 56
128, nocas3-40, int32_t, 1000000, 56
128, nocas4-40, int32_t, 1000000, 57
128, nocas5-40, int32_t, 1000000, 65
128, nocas6-40, int32_t, 1000000, 69
128, nocas0-40, int32_t, 1000000, 90
128, nocas1-40, int32_t, 1000000, 76
128, nocas2-40, int32_t, 1000000, 59
128, nocas3-40, int32_t, 1000000, 58
128, nocas4-40, int32_t, 1000000, 58
128, nocas5-40, int32_t, 1000000, 59
128, nocas6-40, int32_t, 1000000, 67
128, nocas0-40, int32_t, 1000000, 81
128, nocas1-40, int32_t, 1000000, 69
128, nocas2-40, int32_t, 1000000, 63
128, nocas3-40, int32_t, 1000000, 59
128, nocas4-40, int32_t, 1000000, 59
128, nocas5-40, int32_t, 1000000, 62
128, nocas6-40, int32_t, 1000000, 71
128, nocas0-40, int32_t, 1000000, 84
128, nocas1-40, int32_t, 1000000, 76
128, nocas2-40, int32_t, 1000000, 59
128, nocas3-40, int32_t, 1000000, 57
128, nocas4-40, int32_t, 1000000, 62
128, nocas5-40, int32_t, 1000000, 63
128, nocas6-40, int32_t, 1000000, 66
128, nocas0-40, int32_t, 1000000, 80
128, nocas1-40, int32_t, 1000000, 79
128, nocas2-40, int32_t, 1000000, 63
128, nocas3-40, int32_t, 1000000, 58
128, nocas4-40, int32_t, 1000000, 60
128, nocas5-40, int32_t, 1000000, 59
128, nocas6-40, int32_t, 1000000, 60
128, nocas0-40, int32_t, 1000000, 75
128, nocas1-40, int32_t, 1000000, 68
128, nocas2-40, int32_t, 1000000, 39
128, nocas3-40, int32_t, 1000000, 54
128, nocas4-40, int32_t, 1000000, 66
128, nocas5-40, int32_t, 1000000, 47
128, nocas6-40, int32_t, 1000000, 58
128, nocas0-40, int32_t, 1000000, 71
128, nocas1-40, int32_t, 1000000, 69
128, nocas2-40, int32_t, 1000000, 43
128, nocas3-40, int32_t, 1000000, 54
128, nocas4-40, int32_t, 1000000, 65
128, nocas5-40, int32_t, 1000000, 66
128, nocas6-40, int32_t, 1000000, 69
128, nocas0-40, int32_t, 1000000, 84
128, nocas1-40, int32_t, 1000000, 66
128, nocas2-40, int32_t, 1000000, 59
128, nocas3-40, int32_t, 1000000, 58
128, nocas4-40, int32_t, 1000000, 53
128, nocas5-40, int32_t, 1000000, 63
128, nocas6-40, int32_t, 1000000, 67
128, nocas0-40, int32_t, 1000000, 79
128, nocas1-40, int32_t, 1000000, 72
128, nocas2-40, int32_t, 1000000, 54
128, nocas3-40, int32_t, 1000000, 56
128, nocas4-40, int32_t, 1000000, 56
128, nocas5-40, int32_t, 1000000, 61
128, nocas6-40, int32_t, 1000000, 68
128, nocas0-40, int32_t, 1000000, 83
128, nocas1-40, int32_t, 1000000, 73
128, nocas2-40, int32_t, 1000000, 59
128, nocas3-40, int32_t, 1000000, 55
128, nocas4-40, int32_t, 1000000, 56
128, nocas5-40, int32_t, 1000000, 60
128, nocas6-40, int32_t, 1000000, 67
128, nocas0-40, int32_t, 1000000, 81
128, nocas1-40, int32_t, 1000000, 74
128, nocas2-40, int32_t, 1000000, 59
128, nocas3-40, int32_t, 1000000, 55
128, nocas4-40, int32_t, 1000000, 56
128, nocas5-40, int32_t, 1000000, 52
128, nocas6-40, int32_t, 1000000, 62
128, nocas0-40, int32_t, 1000000, 82
128, nocas1-40, int32_t, 1000000, 73
128, nocas2-40, int32_t, 1000000, 58
128, nocas3-40, int32_t, 1000000, 56
128, nocas4-40, int32_t, 1000000, 59
128, nocas5-40, int32_t, 1000000, 60
128, nocas6-40, int32_t, 1000000, 65
128, nocas0-40, int32_t, 1000000, 85
128, nocas1-40, int32_t, 1000000, 73
128, nocas2-40, int32_t, 1000000, 61
128, nocas3-40, int32_t, 1000000, 57
128, nocas4-40, int32_t, 1000000, 57
128, nocas5-40, int32_t, 1000000, 60
128, nocas6-40, int32_t, 1000000, 68
128, nocas0-40, int32_t, 1000000, 84
128, nocas1-40, int32_t, 1000000, 63
128, nocas2-40, int32_t, 1000000, 46
128, nocas3-40, int32_t, 1000000, 51
128, nocas4-40, int32_t, 1000000, 59
128, nocas5-40, int32_t, 1000000, 60
128, nocas6-40, int32_t, 1000000, 60
128, nocas0-40, int32_t, 1000000, 76
128, nocas1-40, int32_t, 1000000, 69
128, nocas2-40, int32_t, 1000000, 58
128, nocas3-40, int32_t, 1000000, 54
128, nocas4-40, int32_t, 1000000, 57
128, nocas5-40, int32_t, 1000000, 54
128, nocas6-40, int32_t, 1000000, 49
128, nocas0-40, int32_t, 1000000, 60
128, nocas1-40, int32_t, 1000000, 66
128, nocas2-40, int32_t, 1000000, 50
128, nocas3-40, int32_t, 1000000, 55
128, nocas4-40, int32_t, 1000000, 56
128, nocas5-40, int32_t, 1000000, 61
128, nocas6-40, int32_t, 1000000, 67
128, nocas0-40, int32_t, 1000000, 71
128, nocas1-40, int32_t, 1000000, 69
128, nocas2-40, int32_t, 1000000, 46
128, nocas3-40, int32_t, 1000000, 58
128, nocas4-40, int32_t, 1000000, 59
128, nocas5-40, int32_t, 1000000, 56
128, nocas6-40, int32_t, 1000000, 65
128, nocas0-40, int32_t, 1000000, 73
128, nocas1-40, int32_t, 1000000, 68
128, nocas2-40, int32_t, 1000000, 50
128, nocas3-40, int32_t, 1000000, 56
128, nocas4-40, int32_t, 1000000, 66
128, nocas5-40, int32_t, 1000000, 71
128, nocas6-40, int32_t, 1000000, 71
128, nocas0-40, int32_t, 1000000, 69
128, nocas1-40, int32_t, 1000000, 70
128, nocas2-40, int32_t, 1000000, 56
128, nocas3-40, int32_t, 1000000, 57
128, nocas4-40, int32_t, 1000000, 61
128, nocas5-40, int32_t, 1000000, 52
128, nocas6-40, int32_t, 1000000, 66
128, nocas0-40, int32_t, 1000000, 73
128, nocas1-40, int32_t, 1000000, 69
128, nocas2-40, int32_t, 1000000, 53
128, nocas3-40, int32_t, 1000000, 56
128, nocas4-40, int32_t, 1000000, 63
128, nocas5-40, int32_t, 1000000, 58
128, nocas6-40, int32_t, 1000000, 64
128, nocas0-40, int32_t, 1000000, 72
128, nocas1-40, int32_t, 1000000, 70
128, nocas2-40, int32_t, 1000000, 50
128, nocas3-40, int32_t, 1000000, 57
128, nocas4-40, int32_t, 1000000, 68
128, nocas5-40, int32_t, 1000000, 51
128, nocas6-40, int32_t, 1000000, 63
128, nocas0-40, int32_t, 1000000, 68
128, nocas1-40, int32_t, 1000000, 69
128, nocas2-40, int32_t, 1000000, 55
128, nocas3-40, int32_t, 1000000, 56
128, nocas4-40, int32_t, 1000000, 65
128, nocas5-40, int32_t, 1000000, 56
128, nocas6-40, int32_t, 1000000, 59
128, nocas0-40, int32_t, 1000000, 69
128, nocas1-40, int32_t, 1000000, 69
128, nocas2-40, int32_t, 1000000, 46
128, nocas3-40, int32_t, 1000000, 57
128, nocas4-40, int32_t, 1000000, 60
128, nocas5-40, int32_t, 1000000, 57
128, nocas6-40, int32_t, 1000000, 61
128, nocas0-40, int32_t, 1000000, 74
128, nocas1-40, int32_t, 1000000, 69
128, nocas2-40, int32_t, 1000000, 48
128, nocas3-40, int32_t, 1000000, 54
128, nocas4-40, int32_t, 1000000, 65
128, nocas5-40, int32_t, 1000000, 59
128, nocas6-40, int32_t, 1000000, 65
128, nocas0-40, int32_t, 1000000, 71
128, nocas1-40, int32_t, 1000000, 68
128, nocas2-40, int32_t, 1000000, 49
128, nocas3-40, int32_t, 1000000, 56
128, nocas4-40, int32_t, 1000000, 56
128, nocas5-40, int32_t, 1000000, 59
128, nocas6-40, int32_t, 1000000, 63
128, nocas0-40, int32_t, 1000000, 70
128, nocas1-40, int32_t, 1000000, 69
128, nocas2-40, int32_t, 1000000, 49
128, nocas3-40, int32_t, 1000000, 57
128, nocas4-40, int32_t, 1000000, 63
128, nocas5-40, int32_t, 1000000, 60
128, nocas6-40, int32_t, 1000000, 63
128, nocas0-40, int32_t, 1000000, 73
128, nocas1-40, int32_t, 1000000, 69
128, nocas2-40, int32_t, 1000000, 51
128, nocas3-40, int32_t, 1000000, 56
128, nocas4-40, int32_t, 1000000, 69
128, nocas5-40, int32_t, 1000000, 61
128, nocas6-40, int32_t, 1000000, 70
128, nocas0-40, int32_t, 1000000, 72
128, nocas1-40, int32_t, 1000000, 69
128, nocas2-40, int32_t, 1000000, 50
128, nocas3-40, int32_t, 1000000, 56
128, nocas4-40, int32_t, 1000000, 66
128, nocas5-40, int32_t, 1000000, 61
128, nocas6-40, int32_t, 1000000, 57
128, nocas0-40, int32_t, 1000000, 70
128, nocas1-40, int32_t, 1000000, 69
128, nocas2-40, int32_t, 1000000, 49
128, nocas3-40, int32_t, 1000000, 57
128, nocas4-40, int32_t, 1000000, 66
128, nocas5-40, int32_t, 1000000, 52
128, nocas6-40, int32_t, 1000000, 64
128, nocas0-40, int32_t, 1000000, 71
128, nocas1-40, int32_t, 1000000, 68
128, nocas2-40, int32_t, 1000000, 53
128, nocas3-40, int32_t, 1000000, 58
128, nocas4-40, int32_t, 1000000, 64
128, nocas5-40, int32_t, 1000000, 56
128, nocas6-40, int32_t, 1000000, 63
128, nocas0-40, int32_t, 1000000, 71
128, nocas1-40, int32_t, 1000000, 69
128, nocas2-40, int32_t, 1000000, 46
128, nocas3-40, int32_t, 1000000, 56
128, nocas4-40, int32_t, 1000000, 67
128, nocas5-40, int32_t, 1000000, 69
128, nocas6-40, int32_t, 1000000, 74
128, nocas0-40, int32_t, 1000000, 80
128, nocas1-40, int32_t, 1000000, 73
128, nocas2-40, int32_t, 1000000, 59
128, nocas3-40, int32_t, 1000000, 58
128, nocas4-40, int32_t, 1000000, 55
128, nocas5-40, int32_t, 1000000, 60
128, nocas6-40, int32_t, 1000000, 74
128, nocas0-40, int32_t, 1000000, 79
128, nocas1-40, int32_t, 1000000, 81
128, nocas2-40, int32_t, 1000000, 47
128, nocas3-40, int32_t, 1000000, 57
128, nocas4-40, int32_t, 1000000, 66
128, nocas5-40, int32_t, 1000000, 50
128, nocas6-40, int32_t, 1000000, 69
128, nocas0-40, int32_t, 1000000, 82
128, nocas1-40, int32_t, 1000000, 77
128, nocas2-40, int32_t, 1000000, 61
128, nocas3-40, int32_t, 1000000, 58
128, nocas4-40, int32_t, 1000000, 60
128, nocas5-40, int32_t, 1000000, 60
128, nocas6-40, int32_t, 1000000, 71
128, nocas0-40, int32_t, 1000000, 74
128, nocas1-40, int32_t, 1000000, 74
128, nocas2-40, int32_t, 1000000, 61
128, nocas3-40, int32_t, 1000000, 55
128, nocas4-40, int32_t, 1000000, 63
128, nocas5-40, int32_t, 1000000, 64
128, nocas6-40, int32_t, 1000000, 70
128, nocas0-40, int32_t, 1000000, 74
128, nocas1-40, int32_t, 1000000, 74
128, nocas2-40, int32_t, 1000000, 56
128, nocas3-40, int32_t, 1000000, 57
128, nocas4-40, int32_t, 1000000, 58
128, nocas5-40, int32_t, 1000000, 60
128, nocas6-40, int32_t, 1000000, 66
128, nocas0-40, int32_t, 1000000, 72
128, nocas1-40, int32_t, 1000000, 72
128, nocas2-40, int32_t, 1000000, 56
128, nocas3-40, int32_t, 1000000, 57
128, nocas4-40, int32_t, 1000000, 59
128, nocas5-40, int32_t, 1000000, 63
128, nocas6-40, int32_t, 1000000, 69
128, nocas0-40, int32_t, 1000000, 76
128, nocas1-40, int32_t, 1000000, 74
128, nocas2-40, int32_t, 1000000, 57
128, nocas3-40, int32_t, 1000000, 58
128, nocas4-40, int32_t, 1000000, 60
128, nocas5-40, int32_t, 1000000, 63
128, nocas6-40, int32_t, 1000000, 73
128, nocas0-40, int32_t, 1000000, 81
128, nocas1-40, int32_t, 1000000, 76
128, nocas2-40, int32_t, 1000000, 55
128, nocas3-40, int32_t, 1000000, 62
128, nocas4-40, int32_t, 1000000, 65
128, nocas5-40, int32_t, 1000000, 69
128, nocas6-40, int32_t, 1000000, 72
128, nocas0-40, int32_t, 1000000, 77
128, nocas1-40, int32_t, 1000000, 69
128, nocas2-40, int32_t, 1000000, 51
128, nocas3-40, int32_t, 1000000, 56
128, nocas4-40, int32_t, 1000000, 59
128, nocas5-40, int32_t, 1000000, 67
128, nocas6-40, int32_t, 1000000, 65
128, nocas0-40, int32_t, 1000000, 70
128, nocas1-40, int32_t, 1000000, 69
128, nocas2-40, int32_t, 1000000, 47
128, nocas3-40, int32_t, 1000000, 55
128, nocas4-40, int32_t, 1000000, 68
128, nocas5-40, int32_t, 1000000, 59
128, nocas6-40, int32_t, 1000000, 68
128, nocas0-40, int32_t, 1000000, 73
128, nocas1-40, int32_t, 1000000, 69
128, nocas2-40, int32_t, 1000000, 47
128, nocas3-40, int32_t, 1000000, 64
128, nocas4-40, int32_t, 1000000, 65
128, nocas5-40, int32_t, 1000000, 66
128, nocas6-40, int32_t, 1000000, 71
128, nocas0-40, int32_t, 1000000, 72
128, nocas1-40, int32_t, 1000000, 75
128, nocas2-40, int32_t, 1000000, 54
128, nocas3-40, int32_t, 1000000, 60
128, nocas4-40, int32_t, 1000000, 61
128, nocas5-40, int32_t, 1000000, 65
128, nocas6-40, int32_t, 1000000, 71
128, nocas0-40, int32_t, 1000000, 75
128, nocas1-40, int32_t, 1000000, 75
128, nocas2-40, int32_t, 1000000, 58
128, nocas3-40, int32_t, 1000000, 59
128, nocas4-40, int32_t, 1000000, 59
128, nocas5-40, int32_t, 1000000, 62
128, nocas6-40, int32_t, 1000000, 62
128, nocas0-40, int32_t, 1000000, 71
128, nocas1-40, int32_t, 1000000, 72
128, nocas2-40, int32_t, 1000000, 57
128, nocas3-40, int32_t, 1000000, 58
128, nocas4-40, int32_t, 1000000, 61
128, nocas5-40, int32_t, 1000000, 64
128, nocas6-40, int32_t, 1000000, 67
128, nocas0-40, int32_t, 1000000, 77
128, nocas1-40, int32_t, 1000000, 73
128, nocas2-40, int32_t, 1000000, 53
128, nocas3-40, int32_t, 1000000, 59
128, nocas4-40, int32_t, 1000000, 62
128, nocas5-40, int32_t, 1000000, 60
128, nocas6-40, int32_t, 1000000, 58
128, nocas0-40, int32_t, 1000000, 66
128, nocas1-40, int32_t, 1000000, 70
128, nocas2-40, int32_t, 1000000, 47
128, nocas3-40, int32_t, 1000000, 57
128, nocas4-40, int32_t, 1000000, 66
128, nocas5-40, int32_t, 1000000, 52
128, nocas6-40, int32_t, 1000000, 63
128, nocas0-40, int32_t, 1000000, 70
128, nocas1-40, int32_t, 1000000, 69
128, nocas2-40, int32_t, 1000000, 45
128, nocas3-40, int32_t, 1000000, 57
128, nocas4-40, int32_t, 1000000, 65
128, nocas5-40, int32_t, 1000000, 61
128, nocas6-40, int32_t, 1000000, 66
128, nocas0-40, int32_t, 1000000, 71
128, nocas1-40, int32_t, 1000000, 69
128, nocas2-40, int32_t, 1000000, 51
128, nocas3-40, int32_t, 1000000, 56
128, nocas4-40, int32_t, 1000000, 65
128, nocas5-40, int32_t, 1000000, 66
128, nocas6-40, int32_t, 1000000, 63
128, nocas0-40, int32_t, 1000000, 69
128, nocas1-40, int32_t, 1000000, 69
128, nocas2-40, int32_t, 1000000, 46
128, nocas3-40, int32_t, 1000000, 58
128, nocas4-40, int32_t, 1000000, 58
128, nocas5-40, int32_t, 1000000, 61
128, nocas6-40, int32_t, 1000000, 65
128, nocas0-40, int32_t, 1000000, 69
128, nocas1-40, int32_t, 1000000, 69
128, nocas2-40, int32_t, 1000000, 50
128, nocas3-40, int32_t, 1000000, 56
128, nocas4-40, int32_t, 1000000, 64
128, nocas5-40, int32_t, 1000000, 68
128, nocas6-40, int32_t, 1000000, 73
128, nocas0-40, int32_t, 1000000, 75
128, nocas1-40, int32_t, 1000000, 73
128, nocas2-40, int32_t, 1000000, 58
128, nocas3-40, int32_t, 1000000, 56
128, nocas4-40, int32_t, 1000000, 60
128, nocas5-40, int32_t, 1000000, 62
128, nocas6-40, int32_t, 1000000, 65
128, nocas0-40, int32_t, 1000000, 70
128, nocas1-40, int32_t, 1000000, 72
128, nocas2-40, int32_t, 1000000, 55
128, nocas3-40, int32_t, 1000000, 59
128, nocas4-40, int32_t, 1000000, 59
128, nocas5-40, int32_t, 1000000, 60
128, nocas6-40, int32_t, 1000000, 67
128, nocas0-40, int32_t, 1000000, 63
128, nocas1-40, int32_t, 1000000, 72
128, nocas2-40, int32_t, 1000000, 58
128, nocas3-40, int32_t, 1000000, 58
128, nocas4-40, int32_t, 1000000, 61
128, nocas5-40, int32_t, 1000000, 63
128, nocas6-40, int32_t, 1000000, 69
128, nocas0-40, int32_t, 1000000, 74
128, nocas1-40, int32_t, 1000000, 68
128, nocas2-40, int32_t, 1000000, 58
128, nocas3-40, int32_t, 1000000, 61
128, nocas4-40, int32_t, 1000000, 56
128, nocas5-40, int32_t, 1000000, 65
128, nocas6-40, int32_t, 1000000, 71
128, nocas0-40, int32_t, 1000000, 73
128, nocas1-40, int32_t, 1000000, 74
128, nocas2-40, int32_t, 1000000, 57
128, nocas3-40, int32_t, 1000000, 58
128, nocas4-40, int32_t, 1000000, 60
128, nocas5-40, int32_t, 1000000, 63
128, nocas6-40, int32_t, 1000000, 68
128, nocas0-40, int32_t, 1000000, 71
128, nocas1-40, int32_t, 1000000, 72
128, nocas2-40, int32_t, 1000000, 60
128, nocas3-40, int32_t, 1000000, 57
128, nocas4-40, int32_t, 1000000, 59
128, nocas5-40, int32_t, 1000000, 65
128, nocas6-40, int32_t, 1000000, 70
128, nocas0-40, int32_t, 1000000, 78
128, nocas1-40, int32_t, 1000000, 72
128, nocas2-40, int32_t, 1000000, 52
128, nocas3-40, int32_t, 1000000, 59
128, nocas4-40, int32_t, 1000000, 61
128, nocas5-40, int32_t, 1000000, 57
128, nocas6-40, int32_t, 1000000, 69
128, nocas0-40, int32_t, 1000000, 72
128, nocas1-40, int32_t, 1000000, 62
128, nocas2-40, int32_t, 1000000, 45
128, nocas3-40, int32_t, 1000000, 50
128, nocas4-40, int32_t, 1000000, 57
128, nocas5-40, int32_t, 1000000, 49
128, nocas6-40, int32_t, 1000000, 61
128, nocas0-40, int32_t, 1000000, 73
128, nocas1-40, int32_t, 1000000, 68
128, nocas2-40, int32_t, 1000000, 53
128, nocas3-40, int32_t, 1000000, 55
128, nocas4-40, int32_t, 1000000, 60
128, nocas5-40, int32_t, 1000000, 59
128, nocas6-40, int32_t, 1000000, 68
128, nocas0-40, int32_t, 1000000, 77
128, nocas1-40, int32_t, 1000000, 72
128, nocas2-40, int32_t, 1000000, 60
128, nocas3-40, int32_t, 1000000, 57
128, nocas4-40, int32_t, 1000000, 57
128, nocas5-40, int32_t, 1000000, 61
128, nocas6-40, int32_t, 1000000, 72
128, nocas0-40, int32_t, 1000000, 69
128, nocas1-40, int32_t, 1000000, 72
128, nocas2-40, int32_t, 1000000, 59
128, nocas3-40, int32_t, 1000000, 56
128, nocas4-40, int32_t, 1000000, 58
128, nocas5-40, int32_t, 1000000, 58
128, nocas6-40, int32_t, 1000000, 63
128, nocas0-40, int32_t, 1000000, 69
128, nocas1-40, int32_t, 1000000, 71
128, nocas2-40, int32_t, 1000000, 48
128, nocas3-40, int32_t, 1000000, 56
128, nocas4-40, int32_t, 1000000, 58
128, nocas5-40, int32_t, 1000000, 64
128, nocas6-40, int32_t, 1000000, 66
128, nocas0-40, int32_t, 1000000, 64
128, nocas1-40, int32_t, 1000000, 72
128, nocas2-40, int32_t, 1000000, 46
128, nocas3-40, int32_t, 1000000, 56
128, nocas4-40, int32_t, 1000000, 58
128, nocas5-40, int32_t, 1000000, 65
128, nocas6-40, int32_t, 1000000, 69
128, nocas0-40, int32_t, 1000000, 72
128, nocas1-40, int32_t, 1000000, 75
128, nocas2-40, int32_t, 1000000, 62
128, nocas3-40, int32_t, 1000000, 59
128, nocas4-40, int32_t, 1000000, 59
128, nocas5-40, int32_t, 1000000, 65
128, nocas6-40, int32_t, 1000000, 71
128, nocas0-40, int32_t, 1000000, 72
128, nocas1-40, int32_t, 1000000, 73
128, nocas2-40, int32_t, 1000000, 61
128, nocas3-40, int32_t, 1000000, 58
128, nocas4-40, int32_t, 1000000, 60
128, nocas5-40, int32_t, 1000000, 61
128, nocas6-40, int32_t, 1000000, 70
