Queue Size, Name, Data Type, Num Producers, Num Consumers, Num Values, Time (ms)
128, 2-20, int32_t, 1, 1, 1000000, 3
128, 2-40, int32_t, 1, 1, 1000000, 6
128, 2-60, int32_t, 1, 1, 1000000, 5
128, 2-80, int32_t, 1, 1, 1000000, 8
128, 2-100, int32_t, 1, 1, 1000000, 11
128, 5-20, int32_t, 1, 1, 1000000, 3
128, 5-40, int32_t, 1, 1, 1000000, 3
128, 5-60, int32_t, 1, 1, 1000000, 3
128, 5-80, int32_t, 1, 1, 1000000, 5
128, 5-100, int32_t, 1, 1, 1000000, 5
128, 20-20, int32_t, 1, 1, 1000000, 3
128, 20-40, int32_t, 1, 1, 1000000, 3
128, 20-60, int32_t, 1, 1, 1000000, 3
128, 20-80, int32_t, 1, 1, 1000000, 3
128, 20-100, int32_t, 1, 1, 1000000, 4
128, 2-20, int32_t, 1, 2, 1000000, 5
128, 2-40, int32_t, 1, 2, 1000000, 5
128, 2-60, int32_t, 1, 2, 1000000, 5
128, 2-80, int32_t, 1, 2, 1000000, 5
128, 2-100, int32_t, 1, 2, 1000000, 5
128, 5-20, int32_t, 1, 2, 1000000, 5
128, 5-40, int32_t, 1, 2, 1000000, 5
128, 5-60, int32_t, 1, 2, 1000000, 5
128, 5-80, int32_t, 1, 2, 1000000, 5
128, 5-100, int32_t, 1, 2, 1000000, 5
128, 20-20, int32_t, 1, 2, 1000000, 5
128, 20-40, int32_t, 1, 2, 1000000, 4
128, 20-60, int32_t, 1, 2, 1000000, 5
128, 20-80, int32_t, 1, 2, 1000000, 4
128, 20-100, int32_t, 1, 2, 1000000, 4
128, 2-20, int32_t, 1, 4, 1000000, 11
128, 2-40, int32_t, 1, 4, 1000000, 8
128, 2-60, int32_t, 1, 4, 1000000, 7
128, 2-80, int32_t, 1, 4, 1000000, 8
128, 2-100, int32_t, 1, 4, 1000000, 8
128, 5-20, int32_t, 1, 4, 1000000, 11
128, 5-40, int32_t, 1, 4, 1000000, 7
128, 5-60, int32_t, 1, 4, 1000000, 7
128, 5-80, int32_t, 1, 4, 1000000, 6
128, 5-100, int32_t, 1, 4, 1000000, 7
128, 20-20, int32_t, 1, 4, 1000000, 11
128, 20-40, int32_t, 1, 4, 1000000, 7
128, 20-60, int32_t, 1, 4, 1000000, 7
128, 20-80, int32_t, 1, 4, 1000000, 7
128, 20-100, int32_t, 1, 4, 1000000, 7
128, 2-20, int32_t, 1, 6, 1000000, 18
128, 2-40, int32_t, 1, 6, 1000000, 8
128, 2-60, int32_t, 1, 6, 1000000, 8
128, 2-80, int32_t, 1, 6, 1000000, 9
128, 2-100, int32_t, 1, 6, 1000000, 11
128, 5-20, int32_t, 1, 6, 1000000, 18
128, 5-40, int32_t, 1, 6, 1000000, 8
128, 5-60, int32_t, 1, 6, 1000000, 8
128, 5-80, int32_t, 1, 6, 1000000, 9
128, 5-100, int32_t, 1, 6, 1000000, 10
128, 20-20, int32_t, 1, 6, 1000000, 18
128, 20-40, int32_t, 1, 6, 1000000, 7
128, 20-60, int32_t, 1, 6, 1000000, 7
128, 20-80, int32_t, 1, 6, 1000000, 8
128, 20-100, int32_t, 1, 6, 1000000, 9
128, 2-20, int32_t, 2, 1, 1000000, 5
128, 2-40, int32_t, 2, 1, 1000000, 6
128, 2-60, int32_t, 2, 1, 1000000, 7
128, 2-80, int32_t, 2, 1, 1000000, 9
128, 2-100, int32_t, 2, 1, 1000000, 9
128, 5-20, int32_t, 2, 1, 1000000, 6
128, 5-40, int32_t, 2, 1, 1000000, 6
128, 5-60, int32_t, 2, 1, 1000000, 8
128, 5-80, int32_t, 2, 1, 1000000, 8
128, 5-100, int32_t, 2, 1, 1000000, 8
128, 20-20, int32_t, 2, 1, 1000000, 5
128, 20-40, int32_t, 2, 1, 1000000, 5
128, 20-60, int32_t, 2, 1, 1000000, 5
128, 20-80, int32_t, 2, 1, 1000000, 4
128, 20-100, int32_t, 2, 1, 1000000, 4
128, 2-20, int32_t, 2, 2, 1000000, 5
128, 2-40, int32_t, 2, 2, 1000000, 4
128, 2-60, int32_t, 2, 2, 1000000, 5
128, 2-80, int32_t, 2, 2, 1000000, 5
128, 2-100, int32_t, 2, 2, 1000000, 5
128, 5-20, int32_t, 2, 2, 1000000, 5
128, 5-40, int32_t, 2, 2, 1000000, 4
128, 5-60, int32_t, 2, 2, 1000000, 5
128, 5-80, int32_t, 2, 2, 1000000, 5
128, 5-100, int32_t, 2, 2, 1000000, 5
128, 20-20, int32_t, 2, 2, 1000000, 5
128, 20-40, int32_t, 2, 2, 1000000, 4
128, 20-60, int32_t, 2, 2, 1000000, 4
128, 20-80, int32_t, 2, 2, 1000000, 4
128, 20-100, int32_t, 2, 2, 1000000, 4
128, 2-20, int32_t, 2, 4, 1000000, 14
128, 2-40, int32_t, 2, 4, 1000000, 7
128, 2-60, int32_t, 2, 4, 1000000, 6
128, 2-80, int32_t, 2, 4, 1000000, 7
128, 2-100, int32_t, 2, 4, 1000000, 6
128, 5-20, int32_t, 2, 4, 1000000, 15
128, 5-40, int32_t, 2, 4, 1000000, 8
128, 5-60, int32_t, 2, 4, 1000000, 6
128, 5-80, int32_t, 2, 4, 1000000, 6
128, 5-100, int32_t, 2, 4, 1000000, 6
128, 20-20, int32_t, 2, 4, 1000000, 15
128, 20-40, int32_t, 2, 4, 1000000, 7
128, 20-60, int32_t, 2, 4, 1000000, 6
128, 20-80, int32_t, 2, 4, 1000000, 5
128, 20-100, int32_t, 2, 4, 1000000, 6
128, 2-20, int32_t, 2, 6, 1000000, 23
128, 2-40, int32_t, 2, 6, 1000000, 9
128, 2-60, int32_t, 2, 6, 1000000, 7
128, 2-80, int32_t, 2, 6, 1000000, 8
128, 2-100, int32_t, 2, 6, 1000000, 8
128, 5-20, int32_t, 2, 6, 1000000, 23
128, 5-40, int32_t, 2, 6, 1000000, 8
128, 5-60, int32_t, 2, 6, 1000000, 7
128, 5-80, int32_t, 2, 6, 1000000, 7
128, 5-100, int32_t, 2, 6, 1000000, 7
128, 20-20, int32_t, 2, 6, 1000000, 23
128, 20-40, int32_t, 2, 6, 1000000, 8
128, 20-60, int32_t, 2, 6, 1000000, 7
128, 20-80, int32_t, 2, 6, 1000000, 7
128, 20-100, int32_t, 2, 6, 1000000, 7
128, 2-20, int32_t, 4, 1, 1000000, 11
128, 2-40, int32_t, 4, 1, 1000000, 7
128, 2-60, int32_t, 4, 1, 1000000, 8
128, 2-80, int32_t, 4, 1, 1000000, 9
128, 2-100, int32_t, 4, 1, 1000000, 10
128, 5-20, int32_t, 4, 1, 1000000, 11
128, 5-40, int32_t, 4, 1, 1000000, 7
128, 5-60, int32_t, 4, 1, 1000000, 8
128, 5-80, int32_t, 4, 1, 1000000, 9
128, 5-100, int32_t, 4, 1, 1000000, 10
128, 20-20, int32_t, 4, 1, 1000000, 11
128, 20-40, int32_t, 4, 1, 1000000, 7
128, 20-60, int32_t, 4, 1, 1000000, 8
128, 20-80, int32_t, 4, 1, 1000000, 8
128, 20-100, int32_t, 4, 1, 1000000, 8
128, 2-20, int32_t, 4, 2, 1000000, 15
128, 2-40, int32_t, 4, 2, 1000000, 7
128, 2-60, int32_t, 4, 2, 1000000, 7
128, 2-80, int32_t, 4, 2, 1000000, 7
128, 2-100, int32_t, 4, 2, 1000000, 7
128, 5-20, int32_t, 4, 2, 1000000, 15
128, 5-40, int32_t, 4, 2, 1000000, 8
128, 5-60, int32_t, 4, 2, 1000000, 6
128, 5-80, int32_t, 4, 2, 1000000, 7
128, 5-100, int32_t, 4, 2, 1000000, 7
128, 20-20, int32_t, 4, 2, 1000000, 15
128, 20-40, int32_t, 4, 2, 1000000, 8
128, 20-60, int32_t, 4, 2, 1000000, 7
128, 20-80, int32_t, 4, 2, 1000000, 7
128, 20-100, int32_t, 4, 2, 1000000, 6
128, 2-20, int32_t, 4, 4, 1000000, 13
128, 2-40, int32_t, 4, 4, 1000000, 7
128, 2-60, int32_t, 4, 4, 1000000, 7
128, 2-80, int32_t, 4, 4, 1000000, 6
128, 2-100, int32_t, 4, 4, 1000000, 6
128, 5-20, int32_t, 4, 4, 1000000, 14
128, 5-40, int32_t, 4, 4, 1000000, 7
128, 5-60, int32_t, 4, 4, 1000000, 6
128, 5-80, int32_t, 4, 4, 1000000, 6
128, 5-100, int32_t, 4, 4, 1000000, 6
128, 20-20, int32_t, 4, 4, 1000000, 14
128, 20-40, int32_t, 4, 4, 1000000, 7
128, 20-60, int32_t, 4, 4, 1000000, 6
128, 20-80, int32_t, 4, 4, 1000000, 6
128, 20-100, int32_t, 4, 4, 1000000, 6
128, 2-20, int32_t, 4, 6, 1000000, 29
128, 2-40, int32_t, 4, 6, 1000000, 9
128, 2-60, int32_t, 4, 6, 1000000, 7
128, 2-80, int32_t, 4, 6, 1000000, 6
128, 2-100, int32_t, 4, 6, 1000000, 7
128, 5-20, int32_t, 4, 6, 1000000, 29
128, 5-40, int32_t, 4, 6, 1000000, 9
128, 5-60, int32_t, 4, 6, 1000000, 7
128, 5-80, int32_t, 4, 6, 1000000, 7
128, 5-100, int32_t, 4, 6, 1000000, 6
128, 20-20, int32_t, 4, 6, 1000000, 28
128, 20-40, int32_t, 4, 6, 1000000, 9
128, 20-60, int32_t, 4, 6, 1000000, 7
128, 20-80, int32_t, 4, 6, 1000000, 6
128, 20-100, int32_t, 4, 6, 1000000, 6
128, 2-20, int32_t, 6, 1, 1000000, 17
128, 2-40, int32_t, 6, 1, 1000000, 8
128, 2-60, int32_t, 6, 1, 1000000, 9
128, 2-80, int32_t, 6, 1, 1000000, 10
128, 2-100, int32_t, 6, 1, 1000000, 12
128, 5-20, int32_t, 6, 1, 1000000, 19
128, 5-40, int32_t, 6, 1, 1000000, 9
128, 5-60, int32_t, 6, 1, 1000000, 9
128, 5-80, int32_t, 6, 1, 1000000, 10
128, 5-100, int32_t, 6, 1, 1000000, 11
128, 20-20, int32_t, 6, 1, 1000000, 19
128, 20-40, int32_t, 6, 1, 1000000, 8
128, 20-60, int32_t, 6, 1, 1000000, 9
128, 20-80, int32_t, 6, 1, 1000000, 9
128, 20-100, int32_t, 6, 1, 1000000, 10
128, 2-20, int32_t, 6, 2, 1000000, 25
128, 2-40, int32_t, 6, 2, 1000000, 10
128, 2-60, int32_t, 6, 2, 1000000, 7
128, 2-80, int32_t, 6, 2, 1000000, 7
128, 2-100, int32_t, 6, 2, 1000000, 7
128, 5-20, int32_t, 6, 2, 1000000, 25
128, 5-40, int32_t, 6, 2, 1000000, 9
128, 5-60, int32_t, 6, 2, 1000000, 7
128, 5-80, int32_t, 6, 2, 1000000, 7
128, 5-100, int32_t, 6, 2, 1000000, 7
128, 20-20, int32_t, 6, 2, 1000000, 22
128, 20-40, int32_t, 6, 2, 1000000, 8
128, 20-60, int32_t, 6, 2, 1000000, 7
128, 20-80, int32_t, 6, 2, 1000000, 7
128, 20-100, int32_t, 6, 2, 1000000, 9
128, 2-20, int32_t, 6, 4, 1000000, 26
128, 2-40, int32_t, 6, 4, 1000000, 10
128, 2-60, int32_t, 6, 4, 1000000, 8
128, 2-80, int32_t, 6, 4, 1000000, 7
128, 2-100, int32_t, 6, 4, 1000000, 7
128, 5-20, int32_t, 6, 4, 1000000, 26
128, 5-40, int32_t, 6, 4, 1000000, 10
128, 5-60, int32_t, 6, 4, 1000000, 7
128, 5-80, int32_t, 6, 4, 1000000, 7
128, 5-100, int32_t, 6, 4, 1000000, 7
128, 20-20, int32_t, 6, 4, 1000000, 26
128, 20-40, int32_t, 6, 4, 1000000, 11
128, 20-60, int32_t, 6, 4, 1000000, 9
128, 20-80, int32_t, 6, 4, 1000000, 8
128, 20-100, int32_t, 6, 4, 1000000, 7
128, 2-20, int32_t, 6, 6, 1000000, 22
128, 2-40, int32_t, 6, 6, 1000000, 10
128, 2-60, int32_t, 6, 6, 1000000, 8
128, 2-80, int32_t, 6, 6, 1000000, 7
128, 2-100, int32_t, 6, 6, 1000000, 7
128, 5-20, int32_t, 6, 6, 1000000, 21
128, 5-40, int32_t, 6, 6, 1000000, 10
128, 5-60, int32_t, 6, 6, 1000000, 8
128, 5-80, int32_t, 6, 6, 1000000, 7
128, 5-100, int32_t, 6, 6, 1000000, 7
128, 20-20, int32_t, 6, 6, 1000000, 21
128, 20-40, int32_t, 6, 6, 1000000, 10
128, 20-60, int32_t, 6, 6, 1000000, 7
128, 20-80, int32_t, 6, 6, 1000000, 7
128, 20-100, int32_t, 6, 6, 1000000, 6
128, 2-20, int32_t, 1, 1, 1000000, 3
128, 2-40, int32_t, 1, 1, 1000000, 9
128, 2-60, int32_t, 1, 1, 1000000, 5
128, 2-80, int32_t, 1, 1, 1000000, 13
128, 2-100, int32_t, 1, 1, 1000000, 13
128, 5-20, int32_t, 1, 1, 1000000, 3
128, 5-40, int32_t, 1, 1, 1000000, 3
128, 5-60, int32_t, 1, 1, 1000000, 7
128, 5-80, int32_t, 1, 1, 1000000, 9
128, 5-100, int32_t, 1, 1, 1000000, 5
128, 20-20, int32_t, 1, 1, 1000000, 3
128, 20-40, int32_t, 1, 1, 1000000, 3
128, 20-60, int32_t, 1, 1, 1000000, 3
128, 20-80, int32_t, 1, 1, 1000000, 4
128, 20-100, int32_t, 1, 1, 1000000, 4
128, 2-20, int32_t, 1, 2, 1000000, 5
128, 2-40, int32_t, 1, 2, 1000000, 6
128, 2-60, int32_t, 1, 2, 1000000, 7
128, 2-80, int32_t, 1, 2, 1000000, 7
128, 2-100, int32_t, 1, 2, 1000000, 8
128, 5-20, int32_t, 1, 2, 1000000, 6
128, 5-40, int32_t, 1, 2, 1000000, 4
128, 5-60, int32_t, 1, 2, 1000000, 6
128, 5-80, int32_t, 1, 2, 1000000, 6
128, 5-100, int32_t, 1, 2, 1000000, 6
128, 20-20, int32_t, 1, 2, 1000000, 6
128, 20-40, int32_t, 1, 2, 1000000, 4
128, 20-60, int32_t, 1, 2, 1000000, 6
128, 20-80, int32_t, 1, 2, 1000000, 5
128, 20-100, int32_t, 1, 2, 1000000, 5
128, 2-20, int32_t, 1, 4, 1000000, 11
128, 2-40, int32_t, 1, 4, 1000000, 9
128, 2-60, int32_t, 1, 4, 1000000, 9
128, 2-80, int32_t, 1, 4, 1000000, 10
128, 2-100, int32_t, 1, 4, 1000000, 10
128, 5-20, int32_t, 1, 4, 1000000, 10
128, 5-40, int32_t, 1, 4, 1000000, 8
128, 5-60, int32_t, 1, 4, 1000000, 7
128, 5-80, int32_t, 1, 4, 1000000, 8
128, 5-100, int32_t, 1, 4, 1000000, 8
128, 20-20, int32_t, 1, 4, 1000000, 10
128, 20-40, int32_t, 1, 4, 1000000, 8
128, 20-60, int32_t, 1, 4, 1000000, 7
128, 20-80, int32_t, 1, 4, 1000000, 7
128, 20-100, int32_t, 1, 4, 1000000, 7
128, 2-20, int32_t, 1, 6, 1000000, 16
128, 2-40, int32_t, 1, 6, 1000000, 7
128, 2-60, int32_t, 1, 6, 1000000, 9
128, 2-80, int32_t, 1, 6, 1000000, 10
128, 2-100, int32_t, 1, 6, 1000000, 12
128, 5-20, int32_t, 1, 6, 1000000, 16
128, 5-40, int32_t, 1, 6, 1000000, 8
128, 5-60, int32_t, 1, 6, 1000000, 8
128, 5-80, int32_t, 1, 6, 1000000, 7
128, 5-100, int32_t, 1, 6, 1000000, 11
128, 20-20, int32_t, 1, 6, 1000000, 17
128, 20-40, int32_t, 1, 6, 1000000, 7
128, 20-60, int32_t, 1, 6, 1000000, 6
128, 20-80, int32_t, 1, 6, 1000000, 9
128, 20-100, int32_t, 1, 6, 1000000, 9
128, 2-20, int32_t, 2, 1, 1000000, 6
128, 2-40, int32_t, 2, 1, 1000000, 6
128, 2-60, int32_t, 2, 1, 1000000, 5
128, 2-80, int32_t, 2, 1, 1000000, 7
128, 2-100, int32_t, 2, 1, 1000000, 10
128, 5-20, int32_t, 2, 1, 1000000, 5
128, 5-40, int32_t, 2, 1, 1000000, 6
128, 5-60, int32_t, 2, 1, 1000000, 6
128, 5-80, int32_t, 2, 1, 1000000, 8
128, 5-100, int32_t, 2, 1, 1000000, 10
128, 20-20, int32_t, 2, 1, 1000000, 5
128, 20-40, int32_t, 2, 1, 1000000, 5
128, 20-60, int32_t, 2, 1, 1000000, 4
128, 20-80, int32_t, 2, 1, 1000000, 4
128, 20-100, int32_t, 2, 1, 1000000, 4
128, 2-20, int32_t, 2, 2, 1000000, 6
128, 2-40, int32_t, 2, 2, 1000000, 5
128, 2-60, int32_t, 2, 2, 1000000, 5
128, 2-80, int32_t, 2, 2, 1000000, 5
128, 2-100, int32_t, 2, 2, 1000000, 6
128, 5-20, int32_t, 2, 2, 1000000, 6
128, 5-40, int32_t, 2, 2, 1000000, 5
128, 5-60, int32_t, 2, 2, 1000000, 5
128, 5-80, int32_t, 2, 2, 1000000, 5
128, 5-100, int32_t, 2, 2, 1000000, 7
128, 20-20, int32_t, 2, 2, 1000000, 6
128, 20-40, int32_t, 2, 2, 1000000, 5
128, 20-60, int32_t, 2, 2, 1000000, 4
128, 20-80, int32_t, 2, 2, 1000000, 4
128, 20-100, int32_t, 2, 2, 1000000, 5
128, 2-20, int32_t, 2, 4, 1000000, 13
128, 2-40, int32_t, 2, 4, 1000000, 7
128, 2-60, int32_t, 2, 4, 1000000, 6
128, 2-80, int32_t, 2, 4, 1000000, 7
128, 2-100, int32_t, 2, 4, 1000000, 7
128, 5-20, int32_t, 2, 4, 1000000, 12
128, 5-40, int32_t, 2, 4, 1000000, 7
128, 5-60, int32_t, 2, 4, 1000000, 6
128, 5-80, int32_t, 2, 4, 1000000, 6
128, 5-100, int32_t, 2, 4, 1000000, 6
128, 20-20, int32_t, 2, 4, 1000000, 12
128, 20-40, int32_t, 2, 4, 1000000, 7
128, 20-60, int32_t, 2, 4, 1000000, 6
128, 20-80, int32_t, 2, 4, 1000000, 6
128, 20-100, int32_t, 2, 4, 1000000, 6
128, 2-20, int32_t, 2, 6, 1000000, 19
128, 2-40, int32_t, 2, 6, 1000000, 8
128, 2-60, int32_t, 2, 6, 1000000, 8
128, 2-80, int32_t, 2, 6, 1000000, 7
128, 2-100, int32_t, 2, 6, 1000000, 7
128, 5-20, int32_t, 2, 6, 1000000, 19
128, 5-40, int32_t, 2, 6, 1000000, 7
128, 5-60, int32_t, 2, 6, 1000000, 7
128, 5-80, int32_t, 2, 6, 1000000, 7
128, 5-100, int32_t, 2, 6, 1000000, 7
128, 20-20, int32_t, 2, 6, 1000000, 19
128, 20-40, int32_t, 2, 6, 1000000, 7
128, 20-60, int32_t, 2, 6, 1000000, 7
128, 20-80, int32_t, 2, 6, 1000000, 7
128, 20-100, int32_t, 2, 6, 1000000, 7
128, 2-20, int32_t, 4, 1, 1000000, 9
128, 2-40, int32_t, 4, 1, 1000000, 7
128, 2-60, int32_t, 4, 1, 1000000, 8
128, 2-80, int32_t, 4, 1, 1000000, 9
128, 2-100, int32_t, 4, 1, 1000000, 11
128, 5-20, int32_t, 4, 1, 1000000, 10
128, 5-40, int32_t, 4, 1, 1000000, 7
128, 5-60, int32_t, 4, 1, 1000000, 8
128, 5-80, int32_t, 4, 1, 1000000, 9
128, 5-100, int32_t, 4, 1, 1000000, 10
128, 20-20, int32_t, 4, 1, 1000000, 10
128, 20-40, int32_t, 4, 1, 1000000, 7
128, 20-60, int32_t, 4, 1, 1000000, 7
128, 20-80, int32_t, 4, 1, 1000000, 8
128, 20-100, int32_t, 4, 1, 1000000, 8
128, 2-20, int32_t, 4, 2, 1000000, 11
128, 2-40, int32_t, 4, 2, 1000000, 7
128, 2-60, int32_t, 4, 2, 1000000, 6
128, 2-80, int32_t, 4, 2, 1000000, 7
128, 2-100, int32_t, 4, 2, 1000000, 9
128, 5-20, int32_t, 4, 2, 1000000, 11
128, 5-40, int32_t, 4, 2, 1000000, 7
128, 5-60, int32_t, 4, 2, 1000000, 6
128, 5-80, int32_t, 4, 2, 1000000, 7
128, 5-100, int32_t, 4, 2, 1000000, 7
128, 20-20, int32_t, 4, 2, 1000000, 11
128, 20-40, int32_t, 4, 2, 1000000, 7
128, 20-60, int32_t, 4, 2, 1000000, 6
128, 20-80, int32_t, 4, 2, 1000000, 6
128, 20-100, int32_t, 4, 2, 1000000, 6
128, 2-20, int32_t, 4, 4, 1000000, 12
128, 2-40, int32_t, 4, 4, 1000000, 6
128, 2-60, int32_t, 4, 4, 1000000, 6
128, 2-80, int32_t, 4, 4, 1000000, 6
128, 2-100, int32_t, 4, 4, 1000000, 6
128, 5-20, int32_t, 4, 4, 1000000, 12
128, 5-40, int32_t, 4, 4, 1000000, 7
128, 5-60, int32_t, 4, 4, 1000000, 6
128, 5-80, int32_t, 4, 4, 1000000, 6
128, 5-100, int32_t, 4, 4, 1000000, 6
128, 20-20, int32_t, 4, 4, 1000000, 11
128, 20-40, int32_t, 4, 4, 1000000, 7
128, 20-60, int32_t, 4, 4, 1000000, 6
128, 20-80, int32_t, 4, 4, 1000000, 5
128, 20-100, int32_t, 4, 4, 1000000, 5
128, 2-20, int32_t, 4, 6, 1000000, 21
128, 2-40, int32_t, 4, 6, 1000000, 8
128, 2-60, int32_t, 4, 6, 1000000, 7
128, 2-80, int32_t, 4, 6, 1000000, 7
128, 2-100, int32_t, 4, 6, 1000000, 6
128, 5-20, int32_t, 4, 6, 1000000, 25
128, 5-40, int32_t, 4, 6, 1000000, 8
128, 5-60, int32_t, 4, 6, 1000000, 6
128, 5-80, int32_t, 4, 6, 1000000, 6
128, 5-100, int32_t, 4, 6, 1000000, 6
128, 20-20, int32_t, 4, 6, 1000000, 23
128, 20-40, int32_t, 4, 6, 1000000, 8
128, 20-60, int32_t, 4, 6, 1000000, 6
128, 20-80, int32_t, 4, 6, 1000000, 6
128, 20-100, int32_t, 4, 6, 1000000, 6
128, 2-20, int32_t, 6, 1, 1000000, 15
128, 2-40, int32_t, 6, 1, 1000000, 8
128, 2-60, int32_t, 6, 1, 1000000, 9
128, 2-80, int32_t, 6, 1, 1000000, 10
128, 2-100, int32_t, 6, 1, 1000000, 11
128, 5-20, int32_t, 6, 1, 1000000, 15
128, 5-40, int32_t, 6, 1, 1000000, 9
128, 5-60, int32_t, 6, 1, 1000000, 8
128, 5-80, int32_t, 6, 1, 1000000, 9
128, 5-100, int32_t, 6, 1, 1000000, 11
128, 20-20, int32_t, 6, 1, 1000000, 15
128, 20-40, int32_t, 6, 1, 1000000, 7
128, 20-60, int32_t, 6, 1, 1000000, 8
128, 20-80, int32_t, 6, 1, 1000000, 9
128, 20-100, int32_t, 6, 1, 1000000, 8
128, 2-20, int32_t, 6, 2, 1000000, 22
128, 2-40, int32_t, 6, 2, 1000000, 8
128, 2-60, int32_t, 6, 2, 1000000, 7
128, 2-80, int32_t, 6, 2, 1000000, 6
128, 2-100, int32_t, 6, 2, 1000000, 8
128, 5-20, int32_t, 6, 2, 1000000, 17
128, 5-40, int32_t, 6, 2, 1000000, 10
128, 5-60, int32_t, 6, 2, 1000000, 8
128, 5-80, int32_t, 6, 2, 1000000, 6
128, 5-100, int32_t, 6, 2, 1000000, 6
128, 20-20, int32_t, 6, 2, 1000000, 18
128, 20-40, int32_t, 6, 2, 1000000, 7
128, 20-60, int32_t, 6, 2, 1000000, 6
128, 20-80, int32_t, 6, 2, 1000000, 8
128, 20-100, int32_t, 6, 2, 1000000, 6
128, 2-20, int32_t, 6, 4, 1000000, 23
128, 2-40, int32_t, 6, 4, 1000000, 8
128, 2-60, int32_t, 6, 4, 1000000, 7
128, 2-80, int32_t, 6, 4, 1000000, 6
128, 2-100, int32_t, 6, 4, 1000000, 6
128, 5-20, int32_t, 6, 4, 1000000, 21
128, 5-40, int32_t, 6, 4, 1000000, 10
128, 5-60, int32_t, 6, 4, 1000000, 6
128, 5-80, int32_t, 6, 4, 1000000, 6
128, 5-100, int32_t, 6, 4, 1000000, 6
128, 20-20, int32_t, 6, 4, 1000000, 23
128, 20-40, int32_t, 6, 4, 1000000, 8
128, 20-60, int32_t, 6, 4, 1000000, 7
128, 20-80, int32_t, 6, 4, 1000000, 6
128, 20-100, int32_t, 6, 4, 1000000, 6
128, 2-20, int32_t, 6, 6, 1000000, 18
128, 2-40, int32_t, 6, 6, 1000000, 8
128, 2-60, int32_t, 6, 6, 1000000, 7
128, 2-80, int32_t, 6, 6, 1000000, 6
128, 2-100, int32_t, 6, 6, 1000000, 6
128, 5-20, int32_t, 6, 6, 1000000, 19
128, 5-40, int32_t, 6, 6, 1000000, 9
128, 5-60, int32_t, 6, 6, 1000000, 7
128, 5-80, int32_t, 6, 6, 1000000, 6
128, 5-100, int32_t, 6, 6, 1000000, 6
128, 20-20, int32_t, 6, 6, 1000000, 25
128, 20-40, int32_t, 6, 6, 1000000, 8
128, 20-60, int32_t, 6, 6, 1000000, 7
128, 20-80, int32_t, 6, 6, 1000000, 6
128, 20-100, int32_t, 6, 6, 1000000, 6
128, 2-20, int32_t, 1, 1, 1000000, 2
128, 2-40, int32_t, 1, 1, 1000000, 9
128, 2-60, int32_t, 1, 1, 1000000, 7
128, 2-80, int32_t, 1, 1, 1000000, 4
128, 2-100, int32_t, 1, 1, 1000000, 4
128, 5-20, int32_t, 1, 1, 1000000, 2
128, 5-40, int32_t, 1, 1, 1000000, 6
128, 5-60, int32_t, 1, 1, 1000000, 4
128, 5-80, int32_t, 1, 1, 1000000, 9
128, 5-100, int32_t, 1, 1, 1000000, 5
128, 20-20, int32_t, 1, 1, 1000000, 2
128, 20-40, int32_t, 1, 1, 1000000, 2
128, 20-60, int32_t, 1, 1, 1000000, 4
128, 20-80, int32_t, 1, 1, 1000000, 4
128, 20-100, int32_t, 1, 1, 1000000, 6
128, 2-20, int32_t, 1, 2, 1000000, 5
128, 2-40, int32_t, 1, 2, 1000000, 3
128, 2-60, int32_t, 1, 2, 1000000, 5
128, 2-80, int32_t, 1, 2, 1000000, 5
128, 2-100, int32_t, 1, 2, 1000000, 6
128, 5-20, int32_t, 1, 2, 1000000, 5
128, 5-40, int32_t, 1, 2, 1000000, 5
128, 5-60, int32_t, 1, 2, 1000000, 5
128, 5-80, int32_t, 1, 2, 1000000, 5
128, 5-100, int32_t, 1, 2, 1000000, 6
128, 20-20, int32_t, 1, 2, 1000000, 5
128, 20-40, int32_t, 1, 2, 1000000, 3
128, 20-60, int32_t, 1, 2, 1000000, 5
128, 20-80, int32_t, 1, 2, 1000000, 5
128, 20-100, int32_t, 1, 2, 1000000, 4
128, 2-20, int32_t, 1, 4, 1000000, 10
128, 2-40, int32_t, 1, 4, 1000000, 9
128, 2-60, int32_t, 1, 4, 1000000, 7
128, 2-80, int32_t, 1, 4, 1000000, 7
128, 2-100, int32_t, 1, 4, 1000000, 7
128, 5-20, int32_t, 1, 4, 1000000, 9
128, 5-40, int32_t, 1, 4, 1000000, 8
128, 5-60, int32_t, 1, 4, 1000000, 7
128, 5-80, int32_t, 1, 4, 1000000, 7
128, 5-100, int32_t, 1, 4, 1000000, 7
128, 20-20, int32_t, 1, 4, 1000000, 10
128, 20-40, int32_t, 1, 4, 1000000, 7
128, 20-60, int32_t, 1, 4, 1000000, 7
128, 20-80, int32_t, 1, 4, 1000000, 6
128, 20-100, int32_t, 1, 4, 1000000, 6
128, 2-20, int32_t, 1, 6, 1000000, 15
128, 2-40, int32_t, 1, 6, 1000000, 7
128, 2-60, int32_t, 1, 6, 1000000, 7
128, 2-80, int32_t, 1, 6, 1000000, 8
128, 2-100, int32_t, 1, 6, 1000000, 9
128, 5-20, int32_t, 1, 6, 1000000, 15
128, 5-40, int32_t, 1, 6, 1000000, 7
128, 5-60, int32_t, 1, 6, 1000000, 7
128, 5-80, int32_t, 1, 6, 1000000, 7
128, 5-100, int32_t, 1, 6, 1000000, 8
128, 20-20, int32_t, 1, 6, 1000000, 15
128, 20-40, int32_t, 1, 6, 1000000, 7
128, 20-60, int32_t, 1, 6, 1000000, 9
128, 20-80, int32_t, 1, 6, 1000000, 7
128, 20-100, int32_t, 1, 6, 1000000, 8
128, 2-20, int32_t, 2, 1, 1000000, 5
128, 2-40, int32_t, 2, 1, 1000000, 7
128, 2-60, int32_t, 2, 1, 1000000, 5
128, 2-80, int32_t, 2, 1, 1000000, 4
128, 2-100, int32_t, 2, 1, 1000000, 8
128, 5-20, int32_t, 2, 1, 1000000, 5
128, 5-40, int32_t, 2, 1, 1000000, 5
128, 5-60, int32_t, 2, 1, 1000000, 4
128, 5-80, int32_t, 2, 1, 1000000, 5
128, 5-100, int32_t, 2, 1, 1000000, 8
128, 20-20, int32_t, 2, 1, 1000000, 5
128, 20-40, int32_t, 2, 1, 1000000, 5
128, 20-60, int32_t, 2, 1, 1000000, 4
128, 20-80, int32_t, 2, 1, 1000000, 4
128, 20-100, int32_t, 2, 1, 1000000, 5
128, 2-20, int32_t, 2, 2, 1000000, 5
128, 2-40, int32_t, 2, 2, 1000000, 4
128, 2-60, int32_t, 2, 2, 1000000, 4
128, 2-80, int32_t, 2, 2, 1000000, 5
128, 2-100, int32_t, 2, 2, 1000000, 5
128, 5-20, int32_t, 2, 2, 1000000, 6
128, 5-40, int32_t, 2, 2, 1000000, 5
128, 5-60, int32_t, 2, 2, 1000000, 5
128, 5-80, int32_t, 2, 2, 1000000, 4
128, 5-100, int32_t, 2, 2, 1000000, 4
128, 20-20, int32_t, 2, 2, 1000000, 6
128, 20-40, int32_t, 2, 2, 1000000, 4
128, 20-60, int32_t, 2, 2, 1000000, 3
128, 20-80, int32_t, 2, 2, 1000000, 4
128, 20-100, int32_t, 2, 2, 1000000, 4
128, 2-20, int32_t, 2, 4, 1000000, 13
128, 2-40, int32_t, 2, 4, 1000000, 7
128, 2-60, int32_t, 2, 4, 1000000, 6
128, 2-80, int32_t, 2, 4, 1000000, 6
128, 2-100, int32_t, 2, 4, 1000000, 6
128, 5-20, int32_t, 2, 4, 1000000, 13
128, 5-40, int32_t, 2, 4, 1000000, 7
128, 5-60, int32_t, 2, 4, 1000000, 6
128, 5-80, int32_t, 2, 4, 1000000, 5
128, 5-100, int32_t, 2, 4, 1000000, 6
128, 20-20, int32_t, 2, 4, 1000000, 12
128, 20-40, int32_t, 2, 4, 1000000, 6
128, 20-60, int32_t, 2, 4, 1000000, 6
128, 20-80, int32_t, 2, 4, 1000000, 5
128, 20-100, int32_t, 2, 4, 1000000, 5
128, 2-20, int32_t, 2, 6, 1000000, 19
128, 2-40, int32_t, 2, 6, 1000000, 7
128, 2-60, int32_t, 2, 6, 1000000, 8
128, 2-80, int32_t, 2, 6, 1000000, 6
128, 2-100, int32_t, 2, 6, 1000000, 7
128, 5-20, int32_t, 2, 6, 1000000, 20
128, 5-40, int32_t, 2, 6, 1000000, 8
128, 5-60, int32_t, 2, 6, 1000000, 6
128, 5-80, int32_t, 2, 6, 1000000, 7
128, 5-100, int32_t, 2, 6, 1000000, 7
128, 20-20, int32_t, 2, 6, 1000000, 19
128, 20-40, int32_t, 2, 6, 1000000, 7
128, 20-60, int32_t, 2, 6, 1000000, 6
128, 20-80, int32_t, 2, 6, 1000000, 6
128, 20-100, int32_t, 2, 6, 1000000, 7
128, 2-20, int32_t, 4, 1, 1000000, 9
128, 2-40, int32_t, 4, 1, 1000000, 6
128, 2-60, int32_t, 4, 1, 1000000, 8
128, 2-80, int32_t, 4, 1, 1000000, 9
128, 2-100, int32_t, 4, 1, 1000000, 10
128, 5-20, int32_t, 4, 1, 1000000, 9
128, 5-40, int32_t, 4, 1, 1000000, 8
128, 5-60, int32_t, 4, 1, 1000000, 8
128, 5-80, int32_t, 4, 1, 1000000, 8
128, 5-100, int32_t, 4, 1, 1000000, 9
128, 20-20, int32_t, 4, 1, 1000000, 9
128, 20-40, int32_t, 4, 1, 1000000, 7
128, 20-60, int32_t, 4, 1, 1000000, 7
128, 20-80, int32_t, 4, 1, 1000000, 7
128, 20-100, int32_t, 4, 1, 1000000, 6
128, 2-20, int32_t, 4, 2, 1000000, 12
128, 2-40, int32_t, 4, 2, 1000000, 7
128, 2-60, int32_t, 4, 2, 1000000, 6
128, 2-80, int32_t, 4, 2, 1000000, 7
128, 2-100, int32_t, 4, 2, 1000000, 7
128, 5-20, int32_t, 4, 2, 1000000, 13
128, 5-40, int32_t, 4, 2, 1000000, 7
128, 5-60, int32_t, 4, 2, 1000000, 6
128, 5-80, int32_t, 4, 2, 1000000, 6
128, 5-100, int32_t, 4, 2, 1000000, 6
128, 20-20, int32_t, 4, 2, 1000000, 12
128, 20-40, int32_t, 4, 2, 1000000, 7
128, 20-60, int32_t, 4, 2, 1000000, 6
128, 20-80, int32_t, 4, 2, 1000000, 5
128, 20-100, int32_t, 4, 2, 1000000, 5
128, 2-20, int32_t, 4, 4, 1000000, 12
128, 2-40, int32_t, 4, 4, 1000000, 8
128, 2-60, int32_t, 4, 4, 1000000, 6
128, 2-80, int32_t, 4, 4, 1000000, 6
128, 2-100, int32_t, 4, 4, 1000000, 6
128, 5-20, int32_t, 4, 4, 1000000, 12
128, 5-40, int32_t, 4, 4, 1000000, 6
128, 5-60, int32_t, 4, 4, 1000000, 6
128, 5-80, int32_t, 4, 4, 1000000, 7
128, 5-100, int32_t, 4, 4, 1000000, 6
128, 20-20, int32_t, 4, 4, 1000000, 11
128, 20-40, int32_t, 4, 4, 1000000, 7
128, 20-60, int32_t, 4, 4, 1000000, 7
128, 20-80, int32_t, 4, 4, 1000000, 5
128, 20-100, int32_t, 4, 4, 1000000, 6
128, 2-20, int32_t, 4, 6, 1000000, 23
128, 2-40, int32_t, 4, 6, 1000000, 8
128, 2-60, int32_t, 4, 6, 1000000, 7
128, 2-80, int32_t, 4, 6, 1000000, 6
128, 2-100, int32_t, 4, 6, 1000000, 6
128, 5-20, int32_t, 4, 6, 1000000, 21
128, 5-40, int32_t, 4, 6, 1000000, 8
128, 5-60, int32_t, 4, 6, 1000000, 7
128, 5-80, int32_t, 4, 6, 1000000, 6
128, 5-100, int32_t, 4, 6, 1000000, 6
128, 20-20, int32_t, 4, 6, 1000000, 23
128, 20-40, int32_t, 4, 6, 1000000, 8
128, 20-60, int32_t, 4, 6, 1000000, 7
128, 20-80, int32_t, 4, 6, 1000000, 6
128, 20-100, int32_t, 4, 6, 1000000, 6
128, 2-20, int32_t, 6, 1, 1000000, 14
128, 2-40, int32_t, 6, 1, 1000000, 9
128, 2-60, int32_t, 6, 1, 1000000, 10
128, 2-80, int32_t, 6, 1, 1000000, 9
128, 2-100, int32_t, 6, 1, 1000000, 11
128, 5-20, int32_t, 6, 1, 1000000, 15
128, 5-40, int32_t, 6, 1, 1000000, 8
128, 5-60, int32_t, 6, 1, 1000000, 8
128, 5-80, int32_t, 6, 1, 1000000, 9
128, 5-100, int32_t, 6, 1, 1000000, 10
128, 20-20, int32_t, 6, 1, 1000000, 17
128, 20-40, int32_t, 6, 1, 1000000, 7
128, 20-60, int32_t, 6, 1, 1000000, 9
128, 20-80, int32_t, 6, 1, 1000000, 8
128, 20-100, int32_t, 6, 1, 1000000, 9
128, 2-20, int32_t, 6, 2, 1000000, 22
128, 2-40, int32_t, 6, 2, 1000000, 10
128, 2-60, int32_t, 6, 2, 1000000, 6
128, 2-80, int32_t, 6, 2, 1000000, 6
128, 2-100, int32_t, 6, 2, 1000000, 7
128, 5-20, int32_t, 6, 2, 1000000, 20
128, 5-40, int32_t, 6, 2, 1000000, 7
128, 5-60, int32_t, 6, 2, 1000000, 7
128, 5-80, int32_t, 6, 2, 1000000, 6
128, 5-100, int32_t, 6, 2, 1000000, 6
128, 20-20, int32_t, 6, 2, 1000000, 20
128, 20-40, int32_t, 6, 2, 1000000, 7
128, 20-60, int32_t, 6, 2, 1000000, 8
128, 20-80, int32_t, 6, 2, 1000000, 6
128, 20-100, int32_t, 6, 2, 1000000, 8
128, 2-20, int32_t, 6, 4, 1000000, 19
128, 2-40, int32_t, 6, 4, 1000000, 9
128, 2-60, int32_t, 6, 4, 1000000, 6
128, 2-80, int32_t, 6, 4, 1000000, 6
128, 2-100, int32_t, 6, 4, 1000000, 6
128, 5-20, int32_t, 6, 4, 1000000, 22
128, 5-40, int32_t, 6, 4, 1000000, 8
128, 5-60, int32_t, 6, 4, 1000000, 6
128, 5-80, int32_t, 6, 4, 1000000, 6
128, 5-100, int32_t, 6, 4, 1000000, 5
128, 20-20, int32_t, 6, 4, 1000000, 21
128, 20-40, int32_t, 6, 4, 1000000, 8
128, 20-60, int32_t, 6, 4, 1000000, 6
128, 20-80, int32_t, 6, 4, 1000000, 6
128, 20-100, int32_t, 6, 4, 1000000, 6
128, 2-20, int32_t, 6, 6, 1000000, 19
128, 2-40, int32_t, 6, 6, 1000000, 9
128, 2-60, int32_t, 6, 6, 1000000, 7
128, 2-80, int32_t, 6, 6, 1000000, 6
128, 2-100, int32_t, 6, 6, 1000000, 5
128, 5-20, int32_t, 6, 6, 1000000, 30
128, 5-40, int32_t, 6, 6, 1000000, 12
128, 5-60, int32_t, 6, 6, 1000000, 6
128, 5-80, int32_t, 6, 6, 1000000, 6
128, 5-100, int32_t, 6, 6, 1000000, 5
128, 20-20, int32_t, 6, 6, 1000000, 19
128, 20-40, int32_t, 6, 6, 1000000, 9
128, 20-60, int32_t, 6, 6, 1000000, 6
128, 20-80, int32_t, 6, 6, 1000000, 6
128, 20-100, int32_t, 6, 6, 1000000, 5
128, 2-20, int32_t, 1, 1, 1000000, 2
128, 2-40, int32_t, 1, 1, 1000000, 3
128, 2-60, int32_t, 1, 1, 1000000, 8
128, 2-80, int32_t, 1, 1, 1000000, 11
128, 2-100, int32_t, 1, 1, 1000000, 6
128, 5-20, int32_t, 1, 1, 1000000, 3
128, 5-40, int32_t, 1, 1, 1000000, 8
128, 5-60, int32_t, 1, 1, 1000000, 5
128, 5-80, int32_t, 1, 1, 1000000, 3
128, 5-100, int32_t, 1, 1, 1000000, 11
128, 20-20, int32_t, 1, 1, 1000000, 2
128, 20-40, int32_t, 1, 1, 1000000, 4
128, 20-60, int32_t, 1, 1, 1000000, 4
128, 20-80, int32_t, 1, 1, 1000000, 4
128, 20-100, int32_t, 1, 1, 1000000, 3
128, 2-20, int32_t, 1, 2, 1000000, 5
128, 2-40, int32_t, 1, 2, 1000000, 4
128, 2-60, int32_t, 1, 2, 1000000, 6
128, 2-80, int32_t, 1, 2, 1000000, 7
128, 2-100, int32_t, 1, 2, 1000000, 8
128, 5-20, int32_t, 1, 2, 1000000, 6
128, 5-40, int32_t, 1, 2, 1000000, 5
128, 5-60, int32_t, 1, 2, 1000000, 5
128, 5-80, int32_t, 1, 2, 1000000, 4
128, 5-100, int32_t, 1, 2, 1000000, 5
128, 20-20, int32_t, 1, 2, 1000000, 6
128, 20-40, int32_t, 1, 2, 1000000, 3
128, 20-60, int32_t, 1, 2, 1000000, 6
128, 20-80, int32_t, 1, 2, 1000000, 6
128, 20-100, int32_t, 1, 2, 1000000, 5
128, 2-20, int32_t, 1, 4, 1000000, 10
128, 2-40, int32_t, 1, 4, 1000000, 9
128, 2-60, int32_t, 1, 4, 1000000, 8
128, 2-80, int32_t, 1, 4, 1000000, 8
128, 2-100, int32_t, 1, 4, 1000000, 9
128, 5-20, int32_t, 1, 4, 1000000, 10
128, 5-40, int32_t, 1, 4, 1000000, 8
128, 5-60, int32_t, 1, 4, 1000000, 6
128, 5-80, int32_t, 1, 4, 1000000, 7
128, 5-100, int32_t, 1, 4, 1000000, 7
128, 20-20, int32_t, 1, 4, 1000000, 10
128, 20-40, int32_t, 1, 4, 1000000, 7
128, 20-60, int32_t, 1, 4, 1000000, 6
128, 20-80, int32_t, 1, 4, 1000000, 6
128, 20-100, int32_t, 1, 4, 1000000, 5
128, 2-20, int32_t, 1, 6, 1000000, 15
128, 2-40, int32_t, 1, 6, 1000000, 7
128, 2-60, int32_t, 1, 6, 1000000, 10
128, 2-80, int32_t, 1, 6, 1000000, 8
128, 2-100, int32_t, 1, 6, 1000000, 8
128, 5-20, int32_t, 1, 6, 1000000, 16
128, 5-40, int32_t, 1, 6, 1000000, 7
128, 5-60, int32_t, 1, 6, 1000000, 7
128, 5-80, int32_t, 1, 6, 1000000, 7
128, 5-100, int32_t, 1, 6, 1000000, 8
128, 20-20, int32_t, 1, 6, 1000000, 15
128, 20-40, int32_t, 1, 6, 1000000, 6
128, 20-60, int32_t, 1, 6, 1000000, 6
128, 20-80, int32_t, 1, 6, 1000000, 7
128, 20-100, int32_t, 1, 6, 1000000, 8
128, 2-20, int32_t, 2, 1, 1000000, 4
128, 2-40, int32_t, 2, 1, 1000000, 6
128, 2-60, int32_t, 2, 1, 1000000, 6
128, 2-80, int32_t, 2, 1, 1000000, 9
128, 2-100, int32_t, 2, 1, 1000000, 4
128, 5-20, int32_t, 2, 1, 1000000, 5
128, 5-40, int32_t, 2, 1, 1000000, 6
128, 5-60, int32_t, 2, 1, 1000000, 5
128, 5-80, int32_t, 2, 1, 1000000, 4
128, 5-100, int32_t, 2, 1, 1000000, 6
128, 20-20, int32_t, 2, 1, 1000000, 5
128, 20-40, int32_t, 2, 1, 1000000, 4
128, 20-60, int32_t, 2, 1, 1000000, 4
128, 20-80, int32_t, 2, 1, 1000000, 4
128, 20-100, int32_t, 2, 1, 1000000, 4
128, 2-20, int32_t, 2, 2, 1000000, 5
128, 2-40, int32_t, 2, 2, 1000000, 4
128, 2-60, int32_t, 2, 2, 1000000, 4
128, 2-80, int32_t, 2, 2, 1000000, 5
128, 2-100, int32_t, 2, 2, 1000000, 5
128, 5-20, int32_t, 2, 2, 1000000, 5
128, 5-40, int32_t, 2, 2, 1000000, 5
128, 5-60, int32_t, 2, 2, 1000000, 4
128, 5-80, int32_t, 2, 2, 1000000, 4
128, 5-100, int32_t, 2, 2, 1000000, 6
128, 20-20, int32_t, 2, 2, 1000000, 5
128, 20-40, int32_t, 2, 2, 1000000, 4
128, 20-60, int32_t, 2, 2, 1000000, 4
128, 20-80, int32_t, 2, 2, 1000000, 4
128, 20-100, int32_t, 2, 2, 1000000, 4
128, 2-20, int32_t, 2, 4, 1000000, 13
128, 2-40, int32_t, 2, 4, 1000000, 7
128, 2-60, int32_t, 2, 4, 1000000, 6
128, 2-80, int32_t, 2, 4, 1000000, 6
128, 2-100, int32_t, 2, 4, 1000000, 6
128, 5-20, int32_t, 2, 4, 1000000, 13
128, 5-40, int32_t, 2, 4, 1000000, 7
128, 5-60, int32_t, 2, 4, 1000000, 6
128, 5-80, int32_t, 2, 4, 1000000, 5
128, 5-100, int32_t, 2, 4, 1000000, 6
128, 20-20, int32_t, 2, 4, 1000000, 12
128, 20-40, int32_t, 2, 4, 1000000, 7
128, 20-60, int32_t, 2, 4, 1000000, 7
128, 20-80, int32_t, 2, 4, 1000000, 6
128, 20-100, int32_t, 2, 4, 1000000, 5
128, 2-20, int32_t, 2, 6, 1000000, 19
128, 2-40, int32_t, 2, 6, 1000000, 7
128, 2-60, int32_t, 2, 6, 1000000, 7
128, 2-80, int32_t, 2, 6, 1000000, 7
128, 2-100, int32_t, 2, 6, 1000000, 8
128, 5-20, int32_t, 2, 6, 1000000, 19
128, 5-40, int32_t, 2, 6, 1000000, 8
128, 5-60, int32_t, 2, 6, 1000000, 7
128, 5-80, int32_t, 2, 6, 1000000, 6
128, 5-100, int32_t, 2, 6, 1000000, 7
128, 20-20, int32_t, 2, 6, 1000000, 19
128, 20-40, int32_t, 2, 6, 1000000, 7
128, 20-60, int32_t, 2, 6, 1000000, 7
128, 20-80, int32_t, 2, 6, 1000000, 7
128, 20-100, int32_t, 2, 6, 1000000, 7
128, 2-20, int32_t, 4, 1, 1000000, 9
128, 2-40, int32_t, 4, 1, 1000000, 8
128, 2-60, int32_t, 4, 1, 1000000, 8
128, 2-80, int32_t, 4, 1, 1000000, 9
128, 2-100, int32_t, 4, 1, 1000000, 10
128, 5-20, int32_t, 4, 1, 1000000, 9
128, 5-40, int32_t, 4, 1, 1000000, 7
128, 5-60, int32_t, 4, 1, 1000000, 8
128, 5-80, int32_t, 4, 1, 1000000, 9
128, 5-100, int32_t, 4, 1, 1000000, 10
128, 20-20, int32_t, 4, 1, 1000000, 8
128, 20-40, int32_t, 4, 1, 1000000, 7
128, 20-60, int32_t, 4, 1, 1000000, 7
128, 20-80, int32_t, 4, 1, 1000000, 6
128, 20-100, int32_t, 4, 1, 1000000, 7
128, 2-20, int32_t, 4, 2, 1000000, 12
128, 2-40, int32_t, 4, 2, 1000000, 7
128, 2-60, int32_t, 4, 2, 1000000, 6
128, 2-80, int32_t, 4, 2, 1000000, 6
128, 2-100, int32_t, 4, 2, 1000000, 6
128, 5-20, int32_t, 4, 2, 1000000, 13
128, 5-40, int32_t, 4, 2, 1000000, 7
128, 5-60, int32_t, 4, 2, 1000000, 6
128, 5-80, int32_t, 4, 2, 1000000, 6
128, 5-100, int32_t, 4, 2, 1000000, 6
128, 20-20, int32_t, 4, 2, 1000000, 13
128, 20-40, int32_t, 4, 2, 1000000, 6
128, 20-60, int32_t, 4, 2, 1000000, 6
128, 20-80, int32_t, 4, 2, 1000000, 5
128, 20-100, int32_t, 4, 2, 1000000, 5
128, 2-20, int32_t, 4, 4, 1000000, 13
128, 2-40, int32_t, 4, 4, 1000000, 6
128, 2-60, int32_t, 4, 4, 1000000, 6
128, 2-80, int32_t, 4, 4, 1000000, 6
128, 2-100, int32_t, 4, 4, 1000000, 6
128, 5-20, int32_t, 4, 4, 1000000, 12
128, 5-40, int32_t, 4, 4, 1000000, 7
128, 5-60, int32_t, 4, 4, 1000000, 6
128, 5-80, int32_t, 4, 4, 1000000, 6
128, 5-100, int32_t, 4, 4, 1000000, 6
128, 20-20, int32_t, 4, 4, 1000000, 12
128, 20-40, int32_t, 4, 4, 1000000, 7
128, 20-60, int32_t, 4, 4, 1000000, 5
128, 20-80, int32_t, 4, 4, 1000000, 5
128, 20-100, int32_t, 4, 4, 1000000, 5
128, 2-20, int32_t, 4, 6, 1000000, 23
128, 2-40, int32_t, 4, 6, 1000000, 8
128, 2-60, int32_t, 4, 6, 1000000, 6
128, 2-80, int32_t, 4, 6, 1000000, 6
128, 2-100, int32_t, 4, 6, 1000000, 6
128, 5-20, int32_t, 4, 6, 1000000, 22
128, 5-40, int32_t, 4, 6, 1000000, 8
128, 5-60, int32_t, 4, 6, 1000000, 6
128, 5-80, int32_t, 4, 6, 1000000, 6
128, 5-100, int32_t, 4, 6, 1000000, 6
128, 20-20, int32_t, 4, 6, 1000000, 23
128, 20-40, int32_t, 4, 6, 1000000, 8
128, 20-60, int32_t, 4, 6, 1000000, 6
128, 20-80, int32_t, 4, 6, 1000000, 6
128, 20-100, int32_t, 4, 6, 1000000, 6
128, 2-20, int32_t, 6, 1, 1000000, 14
128, 2-40, int32_t, 6, 1, 1000000, 9
128, 2-60, int32_t, 6, 1, 1000000, 8
128, 2-80, int32_t, 6, 1, 1000000, 10
128, 2-100, int32_t, 6, 1, 1000000, 10
128, 5-20, int32_t, 6, 1, 1000000, 15
128, 5-40, int32_t, 6, 1, 1000000, 8
128, 5-60, int32_t, 6, 1, 1000000, 9
128, 5-80, int32_t, 6, 1, 1000000, 10
128, 5-100, int32_t, 6, 1, 1000000, 11
128, 20-20, int32_t, 6, 1, 1000000, 15
128, 20-40, int32_t, 6, 1, 1000000, 7
128, 20-60, int32_t, 6, 1, 1000000, 9
128, 20-80, int32_t, 6, 1, 1000000, 8
128, 20-100, int32_t, 6, 1, 1000000, 9
128, 2-20, int32_t, 6, 2, 1000000, 18
128, 2-40, int32_t, 6, 2, 1000000, 9
128, 2-60, int32_t, 6, 2, 1000000, 6
128, 2-80, int32_t, 6, 2, 1000000, 6
128, 2-100, int32_t, 6, 2, 1000000, 8
128, 5-20, int32_t, 6, 2, 1000000, 18
128, 5-40, int32_t, 6, 2, 1000000, 9
128, 5-60, int32_t, 6, 2, 1000000, 6
128, 5-80, int32_t, 6, 2, 1000000, 7
128, 5-100, int32_t, 6, 2, 1000000, 6
128, 20-20, int32_t, 6, 2, 1000000, 19
128, 20-40, int32_t, 6, 2, 1000000, 7
128, 20-60, int32_t, 6, 2, 1000000, 6
128, 20-80, int32_t, 6, 2, 1000000, 6
128, 20-100, int32_t, 6, 2, 1000000, 6
128, 2-20, int32_t, 6, 4, 1000000, 24
128, 2-40, int32_t, 6, 4, 1000000, 9
128, 2-60, int32_t, 6, 4, 1000000, 6
128, 2-80, int32_t, 6, 4, 1000000, 6
128, 2-100, int32_t, 6, 4, 1000000, 6
128, 5-20, int32_t, 6, 4, 1000000, 24
128, 5-40, int32_t, 6, 4, 1000000, 9
128, 5-60, int32_t, 6, 4, 1000000, 7
128, 5-80, int32_t, 6, 4, 1000000, 6
128, 5-100, int32_t, 6, 4, 1000000, 6
128, 20-20, int32_t, 6, 4, 1000000, 25
128, 20-40, int32_t, 6, 4, 1000000, 9
128, 20-60, int32_t, 6, 4, 1000000, 6
128, 20-80, int32_t, 6, 4, 1000000, 6
128, 20-100, int32_t, 6, 4, 1000000, 6
128, 2-20, int32_t, 6, 6, 1000000, 19
128, 2-40, int32_t, 6, 6, 1000000, 8
128, 2-60, int32_t, 6, 6, 1000000, 6
128, 2-80, int32_t, 6, 6, 1000000, 6
128, 2-100, int32_t, 6, 6, 1000000, 6
128, 5-20, int32_t, 6, 6, 1000000, 20
128, 5-40, int32_t, 6, 6, 1000000, 9
128, 5-60, int32_t, 6, 6, 1000000, 6
128, 5-80, int32_t, 6, 6, 1000000, 6
128, 5-100, int32_t, 6, 6, 1000000, 5
128, 20-20, int32_t, 6, 6, 1000000, 20
128, 20-40, int32_t, 6, 6, 1000000, 8
128, 20-60, int32_t, 6, 6, 1000000, 6
128, 20-80, int32_t, 6, 6, 1000000, 6
128, 20-100, int32_t, 6, 6, 1000000, 5
128, 2-20, int32_t, 1, 1, 1000000, 2
128, 2-40, int32_t, 1, 1, 1000000, 7
128, 2-60, int32_t, 1, 1, 1000000, 5
128, 2-80, int32_t, 1, 1, 1000000, 4
128, 2-100, int32_t, 1, 1, 1000000, 3
128, 5-20, int32_t, 1, 1, 1000000, 2
128, 5-40, int32_t, 1, 1, 1000000, 4
128, 5-60, int32_t, 1, 1, 1000000, 4
128, 5-80, int32_t, 1, 1, 1000000, 3
128, 5-100, int32_t, 1, 1, 1000000, 7
128, 20-20, int32_t, 1, 1, 1000000, 2
128, 20-40, int32_t, 1, 1, 1000000, 3
128, 20-60, int32_t, 1, 1, 1000000, 3
128, 20-80, int32_t, 1, 1, 1000000, 6
128, 20-100, int32_t, 1, 1, 1000000, 4
128, 2-20, int32_t, 1, 2, 1000000, 5
128, 2-40, int32_t, 1, 2, 1000000, 5
128, 2-60, int32_t, 1, 2, 1000000, 5
128, 2-80, int32_t, 1, 2, 1000000, 6
128, 2-100, int32_t, 1, 2, 1000000, 5
128, 5-20, int32_t, 1, 2, 1000000, 5
128, 5-40, int32_t, 1, 2, 1000000, 4
128, 5-60, int32_t, 1, 2, 1000000, 4
128, 5-80, int32_t, 1, 2, 1000000, 4
128, 5-100, int32_t, 1, 2, 1000000, 4
128, 20-20, int32_t, 1, 2, 1000000, 4
128, 20-40, int32_t, 1, 2, 1000000, 5
128, 20-60, int32_t, 1, 2, 1000000, 5
128, 20-80, int32_t, 1, 2, 1000000, 5
128, 20-100, int32_t, 1, 2, 1000000, 5
128, 2-20, int32_t, 1, 4, 1000000, 10
128, 2-40, int32_t, 1, 4, 1000000, 9
128, 2-60, int32_t, 1, 4, 1000000, 8
128, 2-80, int32_t, 1, 4, 1000000, 8
128, 2-100, int32_t, 1, 4, 1000000, 9
128, 5-20, int32_t, 1, 4, 1000000, 10
128, 5-40, int32_t, 1, 4, 1000000, 8
128, 5-60, int32_t, 1, 4, 1000000, 7
128, 5-80, int32_t, 1, 4, 1000000, 7
128, 5-100, int32_t, 1, 4, 1000000, 7
128, 20-20, int32_t, 1, 4, 1000000, 10
128, 20-40, int32_t, 1, 4, 1000000, 8
128, 20-60, int32_t, 1, 4, 1000000, 6
128, 20-80, int32_t, 1, 4, 1000000, 7
128, 20-100, int32_t, 1, 4, 1000000, 6
128, 2-20, int32_t, 1, 6, 1000000, 15
128, 2-40, int32_t, 1, 6, 1000000, 8
128, 2-60, int32_t, 1, 6, 1000000, 7
128, 2-80, int32_t, 1, 6, 1000000, 8
128, 2-100, int32_t, 1, 6, 1000000, 11
128, 5-20, int32_t, 1, 6, 1000000, 15
128, 5-40, int32_t, 1, 6, 1000000, 7
128, 5-60, int32_t, 1, 6, 1000000, 8
128, 5-80, int32_t, 1, 6, 1000000, 7
128, 5-100, int32_t, 1, 6, 1000000, 8
128, 20-20, int32_t, 1, 6, 1000000, 16
128, 20-40, int32_t, 1, 6, 1000000, 6
128, 20-60, int32_t, 1, 6, 1000000, 7
128, 20-80, int32_t, 1, 6, 1000000, 7
128, 20-100, int32_t, 1, 6, 1000000, 7
128, 2-20, int32_t, 2, 1, 1000000, 7
128, 2-40, int32_t, 2, 1, 1000000, 2
128, 2-60, int32_t, 2, 1, 1000000, 8
128, 2-80, int32_t, 2, 1, 1000000, 7
128, 2-100, int32_t, 2, 1, 1000000, 10
128, 5-20, int32_t, 2, 1, 1000000, 5
128, 5-40, int32_t, 2, 1, 1000000, 6
128, 5-60, int32_t, 2, 1, 1000000, 5
128, 5-80, int32_t, 2, 1, 1000000, 4
128, 5-100, int32_t, 2, 1, 1000000, 9
128, 20-20, int32_t, 2, 1, 1000000, 5
128, 20-40, int32_t, 2, 1, 1000000, 5
128, 20-60, int32_t, 2, 1, 1000000, 4
128, 20-80, int32_t, 2, 1, 1000000, 5
128, 20-100, int32_t, 2, 1, 1000000, 5
128, 2-20, int32_t, 2, 2, 1000000, 6
128, 2-40, int32_t, 2, 2, 1000000, 4
128, 2-60, int32_t, 2, 2, 1000000, 4
128, 2-80, int32_t, 2, 2, 1000000, 5
128, 2-100, int32_t, 2, 2, 1000000, 5
128, 5-20, int32_t, 2, 2, 1000000, 6
128, 5-40, int32_t, 2, 2, 1000000, 5
128, 5-60, int32_t, 2, 2, 1000000, 4
128, 5-80, int32_t, 2, 2, 1000000, 4
128, 5-100, int32_t, 2, 2, 1000000, 6
128, 20-20, int32_t, 2, 2, 1000000, 5
128, 20-40, int32_t, 2, 2, 1000000, 4
128, 20-60, int32_t, 2, 2, 1000000, 4
128, 20-80, int32_t, 2, 2, 1000000, 4
128, 20-100, int32_t, 2, 2, 1000000, 4
128, 2-20, int32_t, 2, 4, 1000000, 13
128, 2-40, int32_t, 2, 4, 1000000, 7
128, 2-60, int32_t, 2, 4, 1000000, 6
128, 2-80, int32_t, 2, 4, 1000000, 6
128, 2-100, int32_t, 2, 4, 1000000, 6
128, 5-20, int32_t, 2, 4, 1000000, 12
128, 5-40, int32_t, 2, 4, 1000000, 7
128, 5-60, int32_t, 2, 4, 1000000, 6
128, 5-80, int32_t, 2, 4, 1000000, 6
128, 5-100, int32_t, 2, 4, 1000000, 6
128, 20-20, int32_t, 2, 4, 1000000, 12
128, 20-40, int32_t, 2, 4, 1000000, 7
128, 20-60, int32_t, 2, 4, 1000000, 5
128, 20-80, int32_t, 2, 4, 1000000, 6
128, 20-100, int32_t, 2, 4, 1000000, 5
128, 2-20, int32_t, 2, 6, 1000000, 19
128, 2-40, int32_t, 2, 6, 1000000, 8
128, 2-60, int32_t, 2, 6, 1000000, 7
128, 2-80, int32_t, 2, 6, 1000000, 7
128, 2-100, int32_t, 2, 6, 1000000, 6
128, 5-20, int32_t, 2, 6, 1000000, 18
128, 5-40, int32_t, 2, 6, 1000000, 7
128, 5-60, int32_t, 2, 6, 1000000, 7
128, 5-80, int32_t, 2, 6, 1000000, 12
128, 5-100, int32_t, 2, 6, 1000000, 7
128, 20-20, int32_t, 2, 6, 1000000, 20
128, 20-40, int32_t, 2, 6, 1000000, 7
128, 20-60, int32_t, 2, 6, 1000000, 6
128, 20-80, int32_t, 2, 6, 1000000, 6
128, 20-100, int32_t, 2, 6, 1000000, 6
128, 2-20, int32_t, 4, 1, 1000000, 9
128, 2-40, int32_t, 4, 1, 1000000, 6
128, 2-60, int32_t, 4, 1, 1000000, 7
128, 2-80, int32_t, 4, 1, 1000000, 9
128, 2-100, int32_t, 4, 1, 1000000, 11
128, 5-20, int32_t, 4, 1, 1000000, 8
128, 5-40, int32_t, 4, 1, 1000000, 7
128, 5-60, int32_t, 4, 1, 1000000, 8
128, 5-80, int32_t, 4, 1, 1000000, 9
128, 5-100, int32_t, 4, 1, 1000000, 9
128, 20-20, int32_t, 4, 1, 1000000, 9
128, 20-40, int32_t, 4, 1, 1000000, 7
128, 20-60, int32_t, 4, 1, 1000000, 7
128, 20-80, int32_t, 4, 1, 1000000, 7
128, 20-100, int32_t, 4, 1, 1000000, 7
128, 2-20, int32_t, 4, 2, 1000000, 11
128, 2-40, int32_t, 4, 2, 1000000, 7
128, 2-60, int32_t, 4, 2, 1000000, 6
128, 2-80, int32_t, 4, 2, 1000000, 6
128, 2-100, int32_t, 4, 2, 1000000, 6
128, 5-20, int32_t, 4, 2, 1000000, 13
128, 5-40, int32_t, 4, 2, 1000000, 7
128, 5-60, int32_t, 4, 2, 1000000, 6
128, 5-80, int32_t, 4, 2, 1000000, 6
128, 5-100, int32_t, 4, 2, 1000000, 6
128, 20-20, int32_t, 4, 2, 1000000, 13
128, 20-40, int32_t, 4, 2, 1000000, 6
128, 20-60, int32_t, 4, 2, 1000000, 5
128, 20-80, int32_t, 4, 2, 1000000, 5
128, 20-100, int32_t, 4, 2, 1000000, 5
128, 2-20, int32_t, 4, 4, 1000000, 12
128, 2-40, int32_t, 4, 4, 1000000, 7
128, 2-60, int32_t, 4, 4, 1000000, 5
128, 2-80, int32_t, 4, 4, 1000000, 5
128, 2-100, int32_t, 4, 4, 1000000, 5
128, 5-20, int32_t, 4, 4, 1000000, 12
128, 5-40, int32_t, 4, 4, 1000000, 6
128, 5-60, int32_t, 4, 4, 1000000, 5
128, 5-80, int32_t, 4, 4, 1000000, 6
128, 5-100, int32_t, 4, 4, 1000000, 6
128, 20-20, int32_t, 4, 4, 1000000, 11
128, 20-40, int32_t, 4, 4, 1000000, 6
128, 20-60, int32_t, 4, 4, 1000000, 6
128, 20-80, int32_t, 4, 4, 1000000, 5
128, 20-100, int32_t, 4, 4, 1000000, 5
128, 2-20, int32_t, 4, 6, 1000000, 25
128, 2-40, int32_t, 4, 6, 1000000, 8
128, 2-60, int32_t, 4, 6, 1000000, 6
128, 2-80, int32_t, 4, 6, 1000000, 6
128, 2-100, int32_t, 4, 6, 1000000, 6
128, 5-20, int32_t, 4, 6, 1000000, 24
128, 5-40, int32_t, 4, 6, 1000000, 8
128, 5-60, int32_t, 4, 6, 1000000, 6
128, 5-80, int32_t, 4, 6, 1000000, 6
128, 5-100, int32_t, 4, 6, 1000000, 5
128, 20-20, int32_t, 4, 6, 1000000, 25
128, 20-40, int32_t, 4, 6, 1000000, 8
128, 20-60, int32_t, 4, 6, 1000000, 6
128, 20-80, int32_t, 4, 6, 1000000, 6
128, 20-100, int32_t, 4, 6, 1000000, 6
128, 2-20, int32_t, 6, 1, 1000000, 15
128, 2-40, int32_t, 6, 1, 1000000, 7
128, 2-60, int32_t, 6, 1, 1000000, 8
128, 2-80, int32_t, 6, 1, 1000000, 9
128, 2-100, int32_t, 6, 1, 1000000, 10
128, 5-20, int32_t, 6, 1, 1000000, 16
128, 5-40, int32_t, 6, 1, 1000000, 7
128, 5-60, int32_t, 6, 1, 1000000, 8
128, 5-80, int32_t, 6, 1, 1000000, 9
128, 5-100, int32_t, 6, 1, 1000000, 8
128, 20-20, int32_t, 6, 1, 1000000, 14
128, 20-40, int32_t, 6, 1, 1000000, 7
128, 20-60, int32_t, 6, 1, 1000000, 8
128, 20-80, int32_t, 6, 1, 1000000, 8
128, 20-100, int32_t, 6, 1, 1000000, 8
128, 2-20, int32_t, 6, 2, 1000000, 22
128, 2-40, int32_t, 6, 2, 1000000, 7
128, 2-60, int32_t, 6, 2, 1000000, 6
128, 2-80, int32_t, 6, 2, 1000000, 6
128, 2-100, int32_t, 6, 2, 1000000, 8
128, 5-20, int32_t, 6, 2, 1000000, 19
128, 5-40, int32_t, 6, 2, 1000000, 8
128, 5-60, int32_t, 6, 2, 1000000, 6
128, 5-80, int32_t, 6, 2, 1000000, 6
128, 5-100, int32_t, 6, 2, 1000000, 6
128, 20-20, int32_t, 6, 2, 1000000, 18
128, 20-40, int32_t, 6, 2, 1000000, 9
128, 20-60, int32_t, 6, 2, 1000000, 7
128, 20-80, int32_t, 6, 2, 1000000, 7
128, 20-100, int32_t, 6, 2, 1000000, 6
128, 2-20, int32_t, 6, 4, 1000000, 23
128, 2-40, int32_t, 6, 4, 1000000, 9
128, 2-60, int32_t, 6, 4, 1000000, 7
128, 2-80, int32_t, 6, 4, 1000000, 6
128, 2-100, int32_t, 6, 4, 1000000, 6
128, 5-20, int32_t, 6, 4, 1000000, 23
128, 5-40, int32_t, 6, 4, 1000000, 9
128, 5-60, int32_t, 6, 4, 1000000, 7
128, 5-80, int32_t, 6, 4, 1000000, 6
128, 5-100, int32_t, 6, 4, 1000000, 6
128, 20-20, int32_t, 6, 4, 1000000, 25
128, 20-40, int32_t, 6, 4, 1000000, 9
128, 20-60, int32_t, 6, 4, 1000000, 6
128, 20-80, int32_t, 6, 4, 1000000, 6
128, 20-100, int32_t, 6, 4, 1000000, 6
128, 2-20, int32_t, 6, 6, 1000000, 19
128, 2-40, int32_t, 6, 6, 1000000, 9
128, 2-60, int32_t, 6, 6, 1000000, 6
128, 2-80, int32_t, 6, 6, 1000000, 6
128, 2-100, int32_t, 6, 6, 1000000, 6
128, 5-20, int32_t, 6, 6, 1000000, 19
128, 5-40, int32_t, 6, 6, 1000000, 8
128, 5-60, int32_t, 6, 6, 1000000, 6
128, 5-80, int32_t, 6, 6, 1000000, 6
128, 5-100, int32_t, 6, 6, 1000000, 6
128, 20-20, int32_t, 6, 6, 1000000, 20
128, 20-40, int32_t, 6, 6, 1000000, 8
128, 20-60, int32_t, 6, 6, 1000000, 6
128, 20-80, int32_t, 6, 6, 1000000, 6
128, 20-100, int32_t, 6, 6, 1000000, 5
128, 2-20, int32_t, 1, 1, 1000000, 2
128, 2-40, int32_t, 1, 1, 1000000, 3
128, 2-60, int32_t, 1, 1, 1000000, 6
128, 2-80, int32_t, 1, 1, 1000000, 6
128, 2-100, int32_t, 1, 1, 1000000, 13
128, 5-20, int32_t, 1, 1, 1000000, 3
128, 5-40, int32_t, 1, 1, 1000000, 6
128, 5-60, int32_t, 1, 1, 1000000, 10
128, 5-80, int32_t, 1, 1, 1000000, 9
128, 5-100, int32_t, 1, 1, 1000000, 11
128, 20-20, int32_t, 1, 1, 1000000, 3
128, 20-40, int32_t, 1, 1, 1000000, 4
128, 20-60, int32_t, 1, 1, 1000000, 3
128, 20-80, int32_t, 1, 1, 1000000, 4
128, 20-100, int32_t, 1, 1, 1000000, 3
128, 2-20, int32_t, 1, 2, 1000000, 6
128, 2-40, int32_t, 1, 2, 1000000, 4
128, 2-60, int32_t, 1, 2, 1000000, 5
128, 2-80, int32_t, 1, 2, 1000000, 5
128, 2-100, int32_t, 1, 2, 1000000, 5
128, 5-20, int32_t, 1, 2, 1000000, 5
128, 5-40, int32_t, 1, 2, 1000000, 5
128, 5-60, int32_t, 1, 2, 1000000, 4
128, 5-80, int32_t, 1, 2, 1000000, 4
128, 5-100, int32_t, 1, 2, 1000000, 4
128, 20-20, int32_t, 1, 2, 1000000, 5
128, 20-40, int32_t, 1, 2, 1000000, 4
128, 20-60, int32_t, 1, 2, 1000000, 4
128, 20-80, int32_t, 1, 2, 1000000, 3
128, 20-100, int32_t, 1, 2, 1000000, 4
128, 2-20, int32_t, 1, 4, 1000000, 10
128, 2-40, int32_t, 1, 4, 1000000, 9
128, 2-60, int32_t, 1, 4, 1000000, 8
128, 2-80, int32_t, 1, 4, 1000000, 8
128, 2-100, int32_t, 1, 4, 1000000, 9
128, 5-20, int32_t, 1, 4, 1000000, 9
128, 5-40, int32_t, 1, 4, 1000000, 8
128, 5-60, int32_t, 1, 4, 1000000, 7
128, 5-80, int32_t, 1, 4, 1000000, 7
128, 5-100, int32_t, 1, 4, 1000000, 7
128, 20-20, int32_t, 1, 4, 1000000, 10
128, 20-40, int32_t, 1, 4, 1000000, 7
128, 20-60, int32_t, 1, 4, 1000000, 6
128, 20-80, int32_t, 1, 4, 1000000, 6
128, 20-100, int32_t, 1, 4, 1000000, 6
128, 2-20, int32_t, 1, 6, 1000000, 16
128, 2-40, int32_t, 1, 6, 1000000, 7
128, 2-60, int32_t, 1, 6, 1000000, 9
128, 2-80, int32_t, 1, 6, 1000000, 7
128, 2-100, int32_t, 1, 6, 1000000, 11
128, 5-20, int32_t, 1, 6, 1000000, 16
128, 5-40, int32_t, 1, 6, 1000000, 7
128, 5-60, int32_t, 1, 6, 1000000, 7
128, 5-80, int32_t, 1, 6, 1000000, 7
128, 5-100, int32_t, 1, 6, 1000000, 10
128, 20-20, int32_t, 1, 6, 1000000, 15
128, 20-40, int32_t, 1, 6, 1000000, 7
128, 20-60, int32_t, 1, 6, 1000000, 6
128, 20-80, int32_t, 1, 6, 1000000, 7
128, 20-100, int32_t, 1, 6, 1000000, 8
128, 2-20, int32_t, 2, 1, 1000000, 5
128, 2-40, int32_t, 2, 1, 1000000, 7
128, 2-60, int32_t, 2, 1, 1000000, 7
128, 2-80, int32_t, 2, 1, 1000000, 4
128, 2-100, int32_t, 2, 1, 1000000, 12
128, 5-20, int32_t, 2, 1, 1000000, 6
128, 5-40, int32_t, 2, 1, 1000000, 6
128, 5-60, int32_t, 2, 1, 1000000, 8
128, 5-80, int32_t, 2, 1, 1000000, 5
128, 5-100, int32_t, 2, 1, 1000000, 4
128, 20-20, int32_t, 2, 1, 1000000, 5
128, 20-40, int32_t, 2, 1, 1000000, 5
128, 20-60, int32_t, 2, 1, 1000000, 6
128, 20-80, int32_t, 2, 1, 1000000, 5
128, 20-100, int32_t, 2, 1, 1000000, 4
128, 2-20, int32_t, 2, 2, 1000000, 6
128, 2-40, int32_t, 2, 2, 1000000, 4
128, 2-60, int32_t, 2, 2, 1000000, 5
128, 2-80, int32_t, 2, 2, 1000000, 6
128, 2-100, int32_t, 2, 2, 1000000, 5
128, 5-20, int32_t, 2, 2, 1000000, 5
128, 5-40, int32_t, 2, 2, 1000000, 5
128, 5-60, int32_t, 2, 2, 1000000, 4
128, 5-80, int32_t, 2, 2, 1000000, 4
128, 5-100, int32_t, 2, 2, 1000000, 4
128, 20-20, int32_t, 2, 2, 1000000, 6
128, 20-40, int32_t, 2, 2, 1000000, 4
128, 20-60, int32_t, 2, 2, 1000000, 4
128, 20-80, int32_t, 2, 2, 1000000, 4
128, 20-100, int32_t, 2, 2, 1000000, 4
128, 2-20, int32_t, 2, 4, 1000000, 12
128, 2-40, int32_t, 2, 4, 1000000, 7
128, 2-60, int32_t, 2, 4, 1000000, 6
128, 2-80, int32_t, 2, 4, 1000000, 6
128, 2-100, int32_t, 2, 4, 1000000, 6
128, 5-20, int32_t, 2, 4, 1000000, 12
128, 5-40, int32_t, 2, 4, 1000000, 7
128, 5-60, int32_t, 2, 4, 1000000, 6
128, 5-80, int32_t, 2, 4, 1000000, 6
128, 5-100, int32_t, 2, 4, 1000000, 6
128, 20-20, int32_t, 2, 4, 1000000, 12
128, 20-40, int32_t, 2, 4, 1000000, 7
128, 20-60, int32_t, 2, 4, 1000000, 5
128, 20-80, int32_t, 2, 4, 1000000, 5
128, 20-100, int32_t, 2, 4, 1000000, 5
128, 2-20, int32_t, 2, 6, 1000000, 19
128, 2-40, int32_t, 2, 6, 1000000, 8
128, 2-60, int32_t, 2, 6, 1000000, 6
128, 2-80, int32_t, 2, 6, 1000000, 7
128, 2-100, int32_t, 2, 6, 1000000, 7
128, 5-20, int32_t, 2, 6, 1000000, 19
128, 5-40, int32_t, 2, 6, 1000000, 7
128, 5-60, int32_t, 2, 6, 1000000, 7
128, 5-80, int32_t, 2, 6, 1000000, 6
128, 5-100, int32_t, 2, 6, 1000000, 7
128, 20-20, int32_t, 2, 6, 1000000, 19
128, 20-40, int32_t, 2, 6, 1000000, 7
128, 20-60, int32_t, 2, 6, 1000000, 7
128, 20-80, int32_t, 2, 6, 1000000, 6
128, 20-100, int32_t, 2, 6, 1000000, 7
128, 2-20, int32_t, 4, 1, 1000000, 9
128, 2-40, int32_t, 4, 1, 1000000, 8
128, 2-60, int32_t, 4, 1, 1000000, 8
128, 2-80, int32_t, 4, 1, 1000000, 7
128, 2-100, int32_t, 4, 1, 1000000, 7
128, 5-20, int32_t, 4, 1, 1000000, 8
128, 5-40, int32_t, 4, 1, 1000000, 6
128, 5-60, int32_t, 4, 1, 1000000, 8
128, 5-80, int32_t, 4, 1, 1000000, 8
128, 5-100, int32_t, 4, 1, 1000000, 10
128, 20-20, int32_t, 4, 1, 1000000, 10
128, 20-40, int32_t, 4, 1, 1000000, 6
128, 20-60, int32_t, 4, 1, 1000000, 7
128, 20-80, int32_t, 4, 1, 1000000, 7
128, 20-100, int32_t, 4, 1, 1000000, 8
128, 2-20, int32_t, 4, 2, 1000000, 12
128, 2-40, int32_t, 4, 2, 1000000, 7
128, 2-60, int32_t, 4, 2, 1000000, 6
128, 2-80, int32_t, 4, 2, 1000000, 6
128, 2-100, int32_t, 4, 2, 1000000, 6
128, 5-20, int32_t, 4, 2, 1000000, 13
128, 5-40, int32_t, 4, 2, 1000000, 7
128, 5-60, int32_t, 4, 2, 1000000, 6
128, 5-80, int32_t, 4, 2, 1000000, 6
128, 5-100, int32_t, 4, 2, 1000000, 6
128, 20-20, int32_t, 4, 2, 1000000, 12
128, 20-40, int32_t, 4, 2, 1000000, 7
128, 20-60, int32_t, 4, 2, 1000000, 6
128, 20-80, int32_t, 4, 2, 1000000, 5
128, 20-100, int32_t, 4, 2, 1000000, 5
128, 2-20, int32_t, 4, 4, 1000000, 12
128, 2-40, int32_t, 4, 4, 1000000, 8
128, 2-60, int32_t, 4, 4, 1000000, 6
128, 2-80, int32_t, 4, 4, 1000000, 7
128, 2-100, int32_t, 4, 4, 1000000, 6
128, 5-20, int32_t, 4, 4, 1000000, 11
128, 5-40, int32_t, 4, 4, 1000000, 7
128, 5-60, int32_t, 4, 4, 1000000, 6
128, 5-80, int32_t, 4, 4, 1000000, 6
128, 5-100, int32_t, 4, 4, 1000000, 6
128, 20-20, int32_t, 4, 4, 1000000, 11
128, 20-40, int32_t, 4, 4, 1000000, 7
128, 20-60, int32_t, 4, 4, 1000000, 6
128, 20-80, int32_t, 4, 4, 1000000, 6
128, 20-100, int32_t, 4, 4, 1000000, 6
128, 2-20, int32_t, 4, 6, 1000000, 21
128, 2-40, int32_t, 4, 6, 1000000, 8
128, 2-60, int32_t, 4, 6, 1000000, 6
128, 2-80, int32_t, 4, 6, 1000000, 6
128, 2-100, int32_t, 4, 6, 1000000, 6
128, 5-20, int32_t, 4, 6, 1000000, 21
128, 5-40, int32_t, 4, 6, 1000000, 8
128, 5-60, int32_t, 4, 6, 1000000, 6
128, 5-80, int32_t, 4, 6, 1000000, 6
128, 5-100, int32_t, 4, 6, 1000000, 6
128, 20-20, int32_t, 4, 6, 1000000, 21
128, 20-40, int32_t, 4, 6, 1000000, 8
128, 20-60, int32_t, 4, 6, 1000000, 6
128, 20-80, int32_t, 4, 6, 1000000, 6
128, 20-100, int32_t, 4, 6, 1000000, 6
128, 2-20, int32_t, 6, 1, 1000000, 13
128, 2-40, int32_t, 6, 1, 1000000, 9
128, 2-60, int32_t, 6, 1, 1000000, 10
128, 2-80, int32_t, 6, 1, 1000000, 10
128, 2-100, int32_t, 6, 1, 1000000, 11
128, 5-20, int32_t, 6, 1, 1000000, 16
128, 5-40, int32_t, 6, 1, 1000000, 8
128, 5-60, int32_t, 6, 1, 1000000, 10
128, 5-80, int32_t, 6, 1, 1000000, 9
128, 5-100, int32_t, 6, 1, 1000000, 10
128, 20-20, int32_t, 6, 1, 1000000, 15
128, 20-40, int32_t, 6, 1, 1000000, 8
128, 20-60, int32_t, 6, 1, 1000000, 8
128, 20-80, int32_t, 6, 1, 1000000, 8
128, 20-100, int32_t, 6, 1, 1000000, 9
128, 2-20, int32_t, 6, 2, 1000000, 19
128, 2-40, int32_t, 6, 2, 1000000, 8
128, 2-60, int32_t, 6, 2, 1000000, 7
128, 2-80, int32_t, 6, 2, 1000000, 6
128, 2-100, int32_t, 6, 2, 1000000, 7
128, 5-20, int32_t, 6, 2, 1000000, 19
128, 5-40, int32_t, 6, 2, 1000000, 7
128, 5-60, int32_t, 6, 2, 1000000, 6
128, 5-80, int32_t, 6, 2, 1000000, 7
128, 5-100, int32_t, 6, 2, 1000000, 9
128, 20-20, int32_t, 6, 2, 1000000, 17
128, 20-40, int32_t, 6, 2, 1000000, 9
128, 20-60, int32_t, 6, 2, 1000000, 7
128, 20-80, int32_t, 6, 2, 1000000, 6
128, 20-100, int32_t, 6, 2, 1000000, 6
128, 2-20, int32_t, 6, 4, 1000000, 22
128, 2-40, int32_t, 6, 4, 1000000, 9
128, 2-60, int32_t, 6, 4, 1000000, 7
128, 2-80, int32_t, 6, 4, 1000000, 6
128, 2-100, int32_t, 6, 4, 1000000, 6
128, 5-20, int32_t, 6, 4, 1000000, 23
128, 5-40, int32_t, 6, 4, 1000000, 10
128, 5-60, int32_t, 6, 4, 1000000, 7
128, 5-80, int32_t, 6, 4, 1000000, 6
128, 5-100, int32_t, 6, 4, 1000000, 6
128, 20-20, int32_t, 6, 4, 1000000, 25
128, 20-40, int32_t, 6, 4, 1000000, 9
128, 20-60, int32_t, 6, 4, 1000000, 7
128, 20-80, int32_t, 6, 4, 1000000, 6
128, 20-100, int32_t, 6, 4, 1000000, 6
128, 2-20, int32_t, 6, 6, 1000000, 20
128, 2-40, int32_t, 6, 6, 1000000, 8
128, 2-60, int32_t, 6, 6, 1000000, 6
128, 2-80, int32_t, 6, 6, 1000000, 6
128, 2-100, int32_t, 6, 6, 1000000, 5
128, 5-20, int32_t, 6, 6, 1000000, 18
128, 5-40, int32_t, 6, 6, 1000000, 9
128, 5-60, int32_t, 6, 6, 1000000, 6
128, 5-80, int32_t, 6, 6, 1000000, 6
128, 5-100, int32_t, 6, 6, 1000000, 6
128, 20-20, int32_t, 6, 6, 1000000, 19
128, 20-40, int32_t, 6, 6, 1000000, 9
128, 20-60, int32_t, 6, 6, 1000000, 14
128, 20-80, int32_t, 6, 6, 1000000, 6
128, 20-100, int32_t, 6, 6, 1000000, 5
128, 2-20, int32_t, 1, 1, 1000000, 2
128, 2-40, int32_t, 1, 1, 1000000, 6
128, 2-60, int32_t, 1, 1, 1000000, 9
128, 2-80, int32_t, 1, 1, 1000000, 5
128, 2-100, int32_t, 1, 1, 1000000, 6
128, 5-20, int32_t, 1, 1, 1000000, 2
128, 5-40, int32_t, 1, 1, 1000000, 4
128, 5-60, int32_t, 1, 1, 1000000, 4
128, 5-80, int32_t, 1, 1, 1000000, 6
128, 5-100, int32_t, 1, 1, 1000000, 4
128, 20-20, int32_t, 1, 1, 1000000, 3
128, 20-40, int32_t, 1, 1, 1000000, 5
128, 20-60, int32_t, 1, 1, 1000000, 3
128, 20-80, int32_t, 1, 1, 1000000, 4
128, 20-100, int32_t, 1, 1, 1000000, 5
128, 2-20, int32_t, 1, 2, 1000000, 5
128, 2-40, int32_t, 1, 2, 1000000, 5
128, 2-60, int32_t, 1, 2, 1000000, 5
128, 2-80, int32_t, 1, 2, 1000000, 6
128, 2-100, int32_t, 1, 2, 1000000, 5
128, 5-20, int32_t, 1, 2, 1000000, 4
128, 5-40, int32_t, 1, 2, 1000000, 5
128, 5-60, int32_t, 1, 2, 1000000, 4
128, 5-80, int32_t, 1, 2, 1000000, 4
128, 5-100, int32_t, 1, 2, 1000000, 7
128, 20-20, int32_t, 1, 2, 1000000, 5
128, 20-40, int32_t, 1, 2, 1000000, 5
128, 20-60, int32_t, 1, 2, 1000000, 4
128, 20-80, int32_t, 1, 2, 1000000, 6
128, 20-100, int32_t, 1, 2, 1000000, 5
128, 2-20, int32_t, 1, 4, 1000000, 10
128, 2-40, int32_t, 1, 4, 1000000, 7
128, 2-60, int32_t, 1, 4, 1000000, 7
128, 2-80, int32_t, 1, 4, 1000000, 7
128, 2-100, int32_t, 1, 4, 1000000, 7
128, 5-20, int32_t, 1, 4, 1000000, 9
128, 5-40, int32_t, 1, 4, 1000000, 7
128, 5-60, int32_t, 1, 4, 1000000, 6
128, 5-80, int32_t, 1, 4, 1000000, 6
128, 5-100, int32_t, 1, 4, 1000000, 6
128, 20-20, int32_t, 1, 4, 1000000, 10
128, 20-40, int32_t, 1, 4, 1000000, 7
128, 20-60, int32_t, 1, 4, 1000000, 7
128, 20-80, int32_t, 1, 4, 1000000, 7
128, 20-100, int32_t, 1, 4, 1000000, 7
128, 2-20, int32_t, 1, 6, 1000000, 15
128, 2-40, int32_t, 1, 6, 1000000, 8
128, 2-60, int32_t, 1, 6, 1000000, 9
128, 2-80, int32_t, 1, 6, 1000000, 8
128, 2-100, int32_t, 1, 6, 1000000, 11
128, 5-20, int32_t, 1, 6, 1000000, 15
128, 5-40, int32_t, 1, 6, 1000000, 7
128, 5-60, int32_t, 1, 6, 1000000, 7
128, 5-80, int32_t, 1, 6, 1000000, 7
128, 5-100, int32_t, 1, 6, 1000000, 8
128, 20-20, int32_t, 1, 6, 1000000, 15
128, 20-40, int32_t, 1, 6, 1000000, 7
128, 20-60, int32_t, 1, 6, 1000000, 8
128, 20-80, int32_t, 1, 6, 1000000, 8
128, 20-100, int32_t, 1, 6, 1000000, 8
128, 2-20, int32_t, 2, 1, 1000000, 5
128, 2-40, int32_t, 2, 1, 1000000, 7
128, 2-60, int32_t, 2, 1, 1000000, 6
128, 2-80, int32_t, 2, 1, 1000000, 7
128, 2-100, int32_t, 2, 1, 1000000, 7
128, 5-20, int32_t, 2, 1, 1000000, 5
128, 5-40, int32_t, 2, 1, 1000000, 7
128, 5-60, int32_t, 2, 1, 1000000, 8
128, 5-80, int32_t, 2, 1, 1000000, 9
128, 5-100, int32_t, 2, 1, 1000000, 9
128, 20-20, int32_t, 2, 1, 1000000, 5
128, 20-40, int32_t, 2, 1, 1000000, 5
128, 20-60, int32_t, 2, 1, 1000000, 4
128, 20-80, int32_t, 2, 1, 1000000, 5
128, 20-100, int32_t, 2, 1, 1000000, 3
128, 2-20, int32_t, 2, 2, 1000000, 5
128, 2-40, int32_t, 2, 2, 1000000, 5
128, 2-60, int32_t, 2, 2, 1000000, 5
128, 2-80, int32_t, 2, 2, 1000000, 6
128, 2-100, int32_t, 2, 2, 1000000, 5
128, 5-20, int32_t, 2, 2, 1000000, 6
128, 5-40, int32_t, 2, 2, 1000000, 4
128, 5-60, int32_t, 2, 2, 1000000, 5
128, 5-80, int32_t, 2, 2, 1000000, 5
128, 5-100, int32_t, 2, 2, 1000000, 5
128, 20-20, int32_t, 2, 2, 1000000, 5
128, 20-40, int32_t, 2, 2, 1000000, 4
128, 20-60, int32_t, 2, 2, 1000000, 4
128, 20-80, int32_t, 2, 2, 1000000, 4
128, 20-100, int32_t, 2, 2, 1000000, 4
128, 2-20, int32_t, 2, 4, 1000000, 12
128, 2-40, int32_t, 2, 4, 1000000, 7
128, 2-60, int32_t, 2, 4, 1000000, 6
128, 2-80, int32_t, 2, 4, 1000000, 6
128, 2-100, int32_t, 2, 4, 1000000, 7
128, 5-20, int32_t, 2, 4, 1000000, 12
128, 5-40, int32_t, 2, 4, 1000000, 8
128, 5-60, int32_t, 2, 4, 1000000, 6
128, 5-80, int32_t, 2, 4, 1000000, 5
128, 5-100, int32_t, 2, 4, 1000000, 6
128, 20-20, int32_t, 2, 4, 1000000, 12
128, 20-40, int32_t, 2, 4, 1000000, 7
128, 20-60, int32_t, 2, 4, 1000000, 5
128, 20-80, int32_t, 2, 4, 1000000, 5
128, 20-100, int32_t, 2, 4, 1000000, 5
128, 2-20, int32_t, 2, 6, 1000000, 19
128, 2-40, int32_t, 2, 6, 1000000, 7
128, 2-60, int32_t, 2, 6, 1000000, 7
128, 2-80, int32_t, 2, 6, 1000000, 6
128, 2-100, int32_t, 2, 6, 1000000, 7
128, 5-20, int32_t, 2, 6, 1000000, 19
128, 5-40, int32_t, 2, 6, 1000000, 7
128, 5-60, int32_t, 2, 6, 1000000, 7
128, 5-80, int32_t, 2, 6, 1000000, 7
128, 5-100, int32_t, 2, 6, 1000000, 7
128, 20-20, int32_t, 2, 6, 1000000, 19
128, 20-40, int32_t, 2, 6, 1000000, 7
128, 20-60, int32_t, 2, 6, 1000000, 8
128, 20-80, int32_t, 2, 6, 1000000, 7
128, 20-100, int32_t, 2, 6, 1000000, 6
128, 2-20, int32_t, 4, 1, 1000000, 9
128, 2-40, int32_t, 4, 1, 1000000, 7
128, 2-60, int32_t, 4, 1, 1000000, 8
128, 2-80, int32_t, 4, 1, 1000000, 9
128, 2-100, int32_t, 4, 1, 1000000, 9
128, 5-20, int32_t, 4, 1, 1000000, 9
128, 5-40, int32_t, 4, 1, 1000000, 6
128, 5-60, int32_t, 4, 1, 1000000, 8
128, 5-80, int32_t, 4, 1, 1000000, 8
128, 5-100, int32_t, 4, 1, 1000000, 8
128, 20-20, int32_t, 4, 1, 1000000, 10
128, 20-40, int32_t, 4, 1, 1000000, 6
128, 20-60, int32_t, 4, 1, 1000000, 7
128, 20-80, int32_t, 4, 1, 1000000, 7
128, 20-100, int32_t, 4, 1, 1000000, 7
128, 2-20, int32_t, 4, 2, 1000000, 12
128, 2-40, int32_t, 4, 2, 1000000, 7
128, 2-60, int32_t, 4, 2, 1000000, 6
128, 2-80, int32_t, 4, 2, 1000000, 6
128, 2-100, int32_t, 4, 2, 1000000, 7
128, 5-20, int32_t, 4, 2, 1000000, 12
128, 5-40, int32_t, 4, 2, 1000000, 7
128, 5-60, int32_t, 4, 2, 1000000, 6
128, 5-80, int32_t, 4, 2, 1000000, 6
128, 5-100, int32_t, 4, 2, 1000000, 6
128, 20-20, int32_t, 4, 2, 1000000, 11
128, 20-40, int32_t, 4, 2, 1000000, 7
128, 20-60, int32_t, 4, 2, 1000000, 6
128, 20-80, int32_t, 4, 2, 1000000, 5
128, 20-100, int32_t, 4, 2, 1000000, 5
128, 2-20, int32_t, 4, 4, 1000000, 12
128, 2-40, int32_t, 4, 4, 1000000, 7
128, 2-60, int32_t, 4, 4, 1000000, 6
128, 2-80, int32_t, 4, 4, 1000000, 6
128, 2-100, int32_t, 4, 4, 1000000, 6
128, 5-20, int32_t, 4, 4, 1000000, 12
128, 5-40, int32_t, 4, 4, 1000000, 6
128, 5-60, int32_t, 4, 4, 1000000, 6
128, 5-80, int32_t, 4, 4, 1000000, 5
128, 5-100, int32_t, 4, 4, 1000000, 5
128, 20-20, int32_t, 4, 4, 1000000, 13
128, 20-40, int32_t, 4, 4, 1000000, 6
128, 20-60, int32_t, 4, 4, 1000000, 5
128, 20-80, int32_t, 4, 4, 1000000, 5
128, 20-100, int32_t, 4, 4, 1000000, 5
128, 2-20, int32_t, 4, 6, 1000000, 23
128, 2-40, int32_t, 4, 6, 1000000, 8
128, 2-60, int32_t, 4, 6, 1000000, 6
128, 2-80, int32_t, 4, 6, 1000000, 6
128, 2-100, int32_t, 4, 6, 1000000, 6
128, 5-20, int32_t, 4, 6, 1000000, 23
128, 5-40, int32_t, 4, 6, 1000000, 8
128, 5-60, int32_t, 4, 6, 1000000, 6
128, 5-80, int32_t, 4, 6, 1000000, 6
128, 5-100, int32_t, 4, 6, 1000000, 6
128, 20-20, int32_t, 4, 6, 1000000, 22
128, 20-40, int32_t, 4, 6, 1000000, 8
128, 20-60, int32_t, 4, 6, 1000000, 6
128, 20-80, int32_t, 4, 6, 1000000, 6
128, 20-100, int32_t, 4, 6, 1000000, 6
128, 2-20, int32_t, 6, 1, 1000000, 14
128, 2-40, int32_t, 6, 1, 1000000, 7
128, 2-60, int32_t, 6, 1, 1000000, 8
128, 2-80, int32_t, 6, 1, 1000000, 9
128, 2-100, int32_t, 6, 1, 1000000, 10
128, 5-20, int32_t, 6, 1, 1000000, 16
128, 5-40, int32_t, 6, 1, 1000000, 7
128, 5-60, int32_t, 6, 1, 1000000, 8
128, 5-80, int32_t, 6, 1, 1000000, 9
128, 5-100, int32_t, 6, 1, 1000000, 11
128, 20-20, int32_t, 6, 1, 1000000, 15
128, 20-40, int32_t, 6, 1, 1000000, 7
128, 20-60, int32_t, 6, 1, 1000000, 6
128, 20-80, int32_t, 6, 1, 1000000, 9
128, 20-100, int32_t, 6, 1, 1000000, 9
128, 2-20, int32_t, 6, 2, 1000000, 17
128, 2-40, int32_t, 6, 2, 1000000, 10
128, 2-60, int32_t, 6, 2, 1000000, 7
128, 2-80, int32_t, 6, 2, 1000000, 6
128, 2-100, int32_t, 6, 2, 1000000, 8
128, 5-20, int32_t, 6, 2, 1000000, 20
128, 5-40, int32_t, 6, 2, 1000000, 10
128, 5-60, int32_t, 6, 2, 1000000, 6
128, 5-80, int32_t, 6, 2, 1000000, 6
128, 5-100, int32_t, 6, 2, 1000000, 7
128, 20-20, int32_t, 6, 2, 1000000, 18
128, 20-40, int32_t, 6, 2, 1000000, 8
128, 20-60, int32_t, 6, 2, 1000000, 8
128, 20-80, int32_t, 6, 2, 1000000, 7
128, 20-100, int32_t, 6, 2, 1000000, 6
128, 2-20, int32_t, 6, 4, 1000000, 20
128, 2-40, int32_t, 6, 4, 1000000, 9
128, 2-60, int32_t, 6, 4, 1000000, 7
128, 2-80, int32_t, 6, 4, 1000000, 6
128, 2-100, int32_t, 6, 4, 1000000, 6
128, 5-20, int32_t, 6, 4, 1000000, 21
128, 5-40, int32_t, 6, 4, 1000000, 9
128, 5-60, int32_t, 6, 4, 1000000, 7
128, 5-80, int32_t, 6, 4, 1000000, 6
128, 5-100, int32_t, 6, 4, 1000000, 6
128, 20-20, int32_t, 6, 4, 1000000, 21
128, 20-40, int32_t, 6, 4, 1000000, 9
128, 20-60, int32_t, 6, 4, 1000000, 6
128, 20-80, int32_t, 6, 4, 1000000, 6
128, 20-100, int32_t, 6, 4, 1000000, 6
128, 2-20, int32_t, 6, 6, 1000000, 19
128, 2-40, int32_t, 6, 6, 1000000, 8
128, 2-60, int32_t, 6, 6, 1000000, 7
128, 2-80, int32_t, 6, 6, 1000000, 6
128, 2-100, int32_t, 6, 6, 1000000, 6
128, 5-20, int32_t, 6, 6, 1000000, 18
128, 5-40, int32_t, 6, 6, 1000000, 8
128, 5-60, int32_t, 6, 6, 1000000, 7
128, 5-80, int32_t, 6, 6, 1000000, 6
128, 5-100, int32_t, 6, 6, 1000000, 5
128, 20-20, int32_t, 6, 6, 1000000, 21
128, 20-40, int32_t, 6, 6, 1000000, 8
128, 20-60, int32_t, 6, 6, 1000000, 6
128, 20-80, int32_t, 6, 6, 1000000, 6
128, 20-100, int32_t, 6, 6, 1000000, 5
128, 2-20, int32_t, 1, 1, 1000000, 2
128, 2-40, int32_t, 1, 1, 1000000, 4
128, 2-60, int32_t, 1, 1, 1000000, 4
128, 2-80, int32_t, 1, 1, 1000000, 6
128, 2-100, int32_t, 1, 1, 1000000, 8
128, 5-20, int32_t, 1, 1, 1000000, 2
128, 5-40, int32_t, 1, 1, 1000000, 5
128, 5-60, int32_t, 1, 1, 1000000, 3
128, 5-80, int32_t, 1, 1, 1000000, 4
128, 5-100, int32_t, 1, 1, 1000000, 3
128, 20-20, int32_t, 1, 1, 1000000, 3
128, 20-40, int32_t, 1, 1, 1000000, 3
128, 20-60, int32_t, 1, 1, 1000000, 3
128, 20-80, int32_t, 1, 1, 1000000, 3
128, 20-100, int32_t, 1, 1, 1000000, 3
128, 2-20, int32_t, 1, 2, 1000000, 6
128, 2-40, int32_t, 1, 2, 1000000, 4
128, 2-60, int32_t, 1, 2, 1000000, 6
128, 2-80, int32_t, 1, 2, 1000000, 7
128, 2-100, int32_t, 1, 2, 1000000, 9
128, 5-20, int32_t, 1, 2, 1000000, 5
128, 5-40, int32_t, 1, 2, 1000000, 5
128, 5-60, int32_t, 1, 2, 1000000, 4
128, 5-80, int32_t, 1, 2, 1000000, 5
128, 5-100, int32_t, 1, 2, 1000000, 5
128, 20-20, int32_t, 1, 2, 1000000, 5
128, 20-40, int32_t, 1, 2, 1000000, 4
128, 20-60, int32_t, 1, 2, 1000000, 4
128, 20-80, int32_t, 1, 2, 1000000, 4
128, 20-100, int32_t, 1, 2, 1000000, 3
128, 2-20, int32_t, 1, 4, 1000000, 10
128, 2-40, int32_t, 1, 4, 1000000, 9
128, 2-60, int32_t, 1, 4, 1000000, 7
128, 2-80, int32_t, 1, 4, 1000000, 7
128, 2-100, int32_t, 1, 4, 1000000, 7
128, 5-20, int32_t, 1, 4, 1000000, 10
128, 5-40, int32_t, 1, 4, 1000000, 7
128, 5-60, int32_t, 1, 4, 1000000, 7
128, 5-80, int32_t, 1, 4, 1000000, 6
128, 5-100, int32_t, 1, 4, 1000000, 6
128, 20-20, int32_t, 1, 4, 1000000, 10
128, 20-40, int32_t, 1, 4, 1000000, 7
128, 20-60, int32_t, 1, 4, 1000000, 6
128, 20-80, int32_t, 1, 4, 1000000, 6
128, 20-100, int32_t, 1, 4, 1000000, 6
128, 2-20, int32_t, 1, 6, 1000000, 15
128, 2-40, int32_t, 1, 6, 1000000, 7
128, 2-60, int32_t, 1, 6, 1000000, 9
128, 2-80, int32_t, 1, 6, 1000000, 8
128, 2-100, int32_t, 1, 6, 1000000, 8
128, 5-20, int32_t, 1, 6, 1000000, 15
128, 5-40, int32_t, 1, 6, 1000000, 7
128, 5-60, int32_t, 1, 6, 1000000, 8
128, 5-80, int32_t, 1, 6, 1000000, 7
128, 5-100, int32_t, 1, 6, 1000000, 10
128, 20-20, int32_t, 1, 6, 1000000, 15
128, 20-40, int32_t, 1, 6, 1000000, 7
128, 20-60, int32_t, 1, 6, 1000000, 6
128, 20-80, int32_t, 1, 6, 1000000, 7
128, 20-100, int32_t, 1, 6, 1000000, 8
128, 2-20, int32_t, 2, 1, 1000000, 5
128, 2-40, int32_t, 2, 1, 1000000, 6
128, 2-60, int32_t, 2, 1, 1000000, 5
128, 2-80, int32_t, 2, 1, 1000000, 10
128, 2-100, int32_t, 2, 1, 1000000, 9
128, 5-20, int32_t, 2, 1, 1000000, 6
128, 5-40, int32_t, 2, 1, 1000000, 6
128, 5-60, int32_t, 2, 1, 1000000, 6
128, 5-80, int32_t, 2, 1, 1000000, 7
128, 5-100, int32_t, 2, 1, 1000000, 11
128, 20-20, int32_t, 2, 1, 1000000, 5
128, 20-40, int32_t, 2, 1, 1000000, 5
128, 20-60, int32_t, 2, 1, 1000000, 4
128, 20-80, int32_t, 2, 1, 1000000, 4
128, 20-100, int32_t, 2, 1, 1000000, 5
128, 2-20, int32_t, 2, 2, 1000000, 6
128, 2-40, int32_t, 2, 2, 1000000, 5
128, 2-60, int32_t, 2, 2, 1000000, 5
128, 2-80, int32_t, 2, 2, 1000000, 5
128, 2-100, int32_t, 2, 2, 1000000, 6
128, 5-20, int32_t, 2, 2, 1000000, 5
128, 5-40, int32_t, 2, 2, 1000000, 5
128, 5-60, int32_t, 2, 2, 1000000, 4
128, 5-80, int32_t, 2, 2, 1000000, 4
128, 5-100, int32_t, 2, 2, 1000000, 6
128, 20-20, int32_t, 2, 2, 1000000, 5
128, 20-40, int32_t, 2, 2, 1000000, 4
128, 20-60, int32_t, 2, 2, 1000000, 4
128, 20-80, int32_t, 2, 2, 1000000, 4
128, 20-100, int32_t, 2, 2, 1000000, 4
128, 2-20, int32_t, 2, 4, 1000000, 12
128, 2-40, int32_t, 2, 4, 1000000, 7
128, 2-60, int32_t, 2, 4, 1000000, 6
128, 2-80, int32_t, 2, 4, 1000000, 6
128, 2-100, int32_t, 2, 4, 1000000, 7
128, 5-20, int32_t, 2, 4, 1000000, 12
128, 5-40, int32_t, 2, 4, 1000000, 7
128, 5-60, int32_t, 2, 4, 1000000, 6
128, 5-80, int32_t, 2, 4, 1000000, 5
128, 5-100, int32_t, 2, 4, 1000000, 6
128, 20-20, int32_t, 2, 4, 1000000, 12
128, 20-40, int32_t, 2, 4, 1000000, 7
128, 20-60, int32_t, 2, 4, 1000000, 6
128, 20-80, int32_t, 2, 4, 1000000, 6
128, 20-100, int32_t, 2, 4, 1000000, 5
128, 2-20, int32_t, 2, 6, 1000000, 19
128, 2-40, int32_t, 2, 6, 1000000, 7
128, 2-60, int32_t, 2, 6, 1000000, 7
128, 2-80, int32_t, 2, 6, 1000000, 7
128, 2-100, int32_t, 2, 6, 1000000, 8
128, 5-20, int32_t, 2, 6, 1000000, 20
128, 5-40, int32_t, 2, 6, 1000000, 7
128, 5-60, int32_t, 2, 6, 1000000, 6
128, 5-80, int32_t, 2, 6, 1000000, 7
128, 5-100, int32_t, 2, 6, 1000000, 6
128, 20-20, int32_t, 2, 6, 1000000, 20
128, 20-40, int32_t, 2, 6, 1000000, 7
128, 20-60, int32_t, 2, 6, 1000000, 7
128, 20-80, int32_t, 2, 6, 1000000, 6
128, 20-100, int32_t, 2, 6, 1000000, 6
128, 2-20, int32_t, 4, 1, 1000000, 9
128, 2-40, int32_t, 4, 1, 1000000, 6
128, 2-60, int32_t, 4, 1, 1000000, 7
128, 2-80, int32_t, 4, 1, 1000000, 9
128, 2-100, int32_t, 4, 1, 1000000, 10
128, 5-20, int32_t, 4, 1, 1000000, 9
128, 5-40, int32_t, 4, 1, 1000000, 7
128, 5-60, int32_t, 4, 1, 1000000, 7
128, 5-80, int32_t, 4, 1, 1000000, 7
128, 5-100, int32_t, 4, 1, 1000000, 7
128, 20-20, int32_t, 4, 1, 1000000, 10
128, 20-40, int32_t, 4, 1, 1000000, 6
128, 20-60, int32_t, 4, 1, 1000000, 8
128, 20-80, int32_t, 4, 1, 1000000, 7
128, 20-100, int32_t, 4, 1, 1000000, 7
128, 2-20, int32_t, 4, 2, 1000000, 12
128, 2-40, int32_t, 4, 2, 1000000, 7
128, 2-60, int32_t, 4, 2, 1000000, 6
128, 2-80, int32_t, 4, 2, 1000000, 6
128, 2-100, int32_t, 4, 2, 1000000, 6
128, 5-20, int32_t, 4, 2, 1000000, 12
128, 5-40, int32_t, 4, 2, 1000000, 7
128, 5-60, int32_t, 4, 2, 1000000, 6
128, 5-80, int32_t, 4, 2, 1000000, 6
128, 5-100, int32_t, 4, 2, 1000000, 6
128, 20-20, int32_t, 4, 2, 1000000, 11
128, 20-40, int32_t, 4, 2, 1000000, 7
128, 20-60, int32_t, 4, 2, 1000000, 5
128, 20-80, int32_t, 4, 2, 1000000, 5
128, 20-100, int32_t, 4, 2, 1000000, 5
128, 2-20, int32_t, 4, 4, 1000000, 12
128, 2-40, int32_t, 4, 4, 1000000, 6
128, 2-60, int32_t, 4, 4, 1000000, 6
128, 2-80, int32_t, 4, 4, 1000000, 6
128, 2-100, int32_t, 4, 4, 1000000, 6
128, 5-20, int32_t, 4, 4, 1000000, 12
128, 5-40, int32_t, 4, 4, 1000000, 6
128, 5-60, int32_t, 4, 4, 1000000, 6
128, 5-80, int32_t, 4, 4, 1000000, 6
128, 5-100, int32_t, 4, 4, 1000000, 5
128, 20-20, int32_t, 4, 4, 1000000, 12
128, 20-40, int32_t, 4, 4, 1000000, 6
128, 20-60, int32_t, 4, 4, 1000000, 5
128, 20-80, int32_t, 4, 4, 1000000, 5
128, 20-100, int32_t, 4, 4, 1000000, 5
128, 2-20, int32_t, 4, 6, 1000000, 24
128, 2-40, int32_t, 4, 6, 1000000, 8
128, 2-60, int32_t, 4, 6, 1000000, 6
128, 2-80, int32_t, 4, 6, 1000000, 6
128, 2-100, int32_t, 4, 6, 1000000, 6
128, 5-20, int32_t, 4, 6, 1000000, 23
128, 5-40, int32_t, 4, 6, 1000000, 8
128, 5-60, int32_t, 4, 6, 1000000, 6
128, 5-80, int32_t, 4, 6, 1000000, 6
128, 5-100, int32_t, 4, 6, 1000000, 6
128, 20-20, int32_t, 4, 6, 1000000, 23
128, 20-40, int32_t, 4, 6, 1000000, 8
128, 20-60, int32_t, 4, 6, 1000000, 6
128, 20-80, int32_t, 4, 6, 1000000, 6
128, 20-100, int32_t, 4, 6, 1000000, 6
128, 2-20, int32_t, 6, 1, 1000000, 16
128, 2-40, int32_t, 6, 1, 1000000, 8
128, 2-60, int32_t, 6, 1, 1000000, 9
128, 2-80, int32_t, 6, 1, 1000000, 10
128, 2-100, int32_t, 6, 1, 1000000, 10
128, 5-20, int32_t, 6, 1, 1000000, 16
128, 5-40, int32_t, 6, 1, 1000000, 9
128, 5-60, int32_t, 6, 1, 1000000, 10
128, 5-80, int32_t, 6, 1, 1000000, 9
128, 5-100, int32_t, 6, 1, 1000000, 10
128, 20-20, int32_t, 6, 1, 1000000, 17
128, 20-40, int32_t, 6, 1, 1000000, 7
128, 20-60, int32_t, 6, 1, 1000000, 9
128, 20-80, int32_t, 6, 1, 1000000, 8
128, 20-100, int32_t, 6, 1, 1000000, 9
128, 2-20, int32_t, 6, 2, 1000000, 18
128, 2-40, int32_t, 6, 2, 1000000, 8
128, 2-60, int32_t, 6, 2, 1000000, 6
128, 2-80, int32_t, 6, 2, 1000000, 6
128, 2-100, int32_t, 6, 2, 1000000, 7
128, 5-20, int32_t, 6, 2, 1000000, 19
128, 5-40, int32_t, 6, 2, 1000000, 8
128, 5-60, int32_t, 6, 2, 1000000, 6
128, 5-80, int32_t, 6, 2, 1000000, 6
128, 5-100, int32_t, 6, 2, 1000000, 6
128, 20-20, int32_t, 6, 2, 1000000, 17
128, 20-40, int32_t, 6, 2, 1000000, 8
128, 20-60, int32_t, 6, 2, 1000000, 6
128, 20-80, int32_t, 6, 2, 1000000, 6
128, 20-100, int32_t, 6, 2, 1000000, 6
128, 2-20, int32_t, 6, 4, 1000000, 19
128, 2-40, int32_t, 6, 4, 1000000, 8
128, 2-60, int32_t, 6, 4, 1000000, 7
128, 2-80, int32_t, 6, 4, 1000000, 6
128, 2-100, int32_t, 6, 4, 1000000, 6
128, 5-20, int32_t, 6, 4, 1000000, 23
128, 5-40, int32_t, 6, 4, 1000000, 9
128, 5-60, int32_t, 6, 4, 1000000, 7
128, 5-80, int32_t, 6, 4, 1000000, 6
128, 5-100, int32_t, 6, 4, 1000000, 6
128, 20-20, int32_t, 6, 4, 1000000, 24
128, 20-40, int32_t, 6, 4, 1000000, 9
128, 20-60, int32_t, 6, 4, 1000000, 6
128, 20-80, int32_t, 6, 4, 1000000, 6
128, 20-100, int32_t, 6, 4, 1000000, 5
128, 2-20, int32_t, 6, 6, 1000000, 19
128, 2-40, int32_t, 6, 6, 1000000, 9
128, 2-60, int32_t, 6, 6, 1000000, 6
128, 2-80, int32_t, 6, 6, 1000000, 6
128, 2-100, int32_t, 6, 6, 1000000, 5
128, 5-20, int32_t, 6, 6, 1000000, 19
128, 5-40, int32_t, 6, 6, 1000000, 9
128, 5-60, int32_t, 6, 6, 1000000, 6
128, 5-80, int32_t, 6, 6, 1000000, 6
128, 5-100, int32_t, 6, 6, 1000000, 5
128, 20-20, int32_t, 6, 6, 1000000, 19
128, 20-40, int32_t, 6, 6, 1000000, 8
128, 20-60, int32_t, 6, 6, 1000000, 7
128, 20-80, int32_t, 6, 6, 1000000, 6
128, 20-100, int32_t, 6, 6, 1000000, 5
128, 2-20, int32_t, 1, 1, 1000000, 2
128, 2-40, int32_t, 1, 1, 1000000, 2
128, 2-60, int32_t, 1, 1, 1000000, 5
128, 2-80, int32_t, 1, 1, 1000000, 5
128, 2-100, int32_t, 1, 1, 1000000, 6
128, 5-20, int32_t, 1, 1, 1000000, 3
128, 5-40, int32_t, 1, 1, 1000000, 4
128, 5-60, int32_t, 1, 1, 1000000, 8
128, 5-80, int32_t, 1, 1, 1000000, 6
128, 5-100, int32_t, 1, 1, 1000000, 3
128, 20-20, int32_t, 1, 1, 1000000, 3
128, 20-40, int32_t, 1, 1, 1000000, 2
128, 20-60, int32_t, 1, 1, 1000000, 5
128, 20-80, int32_t, 1, 1, 1000000, 7
128, 20-100, int32_t, 1, 1, 1000000, 2
128, 2-20, int32_t, 1, 2, 1000000, 5
128, 2-40, int32_t, 1, 2, 1000000, 5
128, 2-60, int32_t, 1, 2, 1000000, 5
128, 2-80, int32_t, 1, 2, 1000000, 6
128, 2-100, int32_t, 1, 2, 1000000, 6
128, 5-20, int32_t, 1, 2, 1000000, 5
128, 5-40, int32_t, 1, 2, 1000000, 3
128, 5-60, int32_t, 1, 2, 1000000, 5
128, 5-80, int32_t, 1, 2, 1000000, 4
128, 5-100, int32_t, 1, 2, 1000000, 4
128, 20-20, int32_t, 1, 2, 1000000, 5
128, 20-40, int32_t, 1, 2, 1000000, 4
128, 20-60, int32_t, 1, 2, 1000000, 5
128, 20-80, int32_t, 1, 2, 1000000, 5
128, 20-100, int32_t, 1, 2, 1000000, 5
128, 2-20, int32_t, 1, 4, 1000000, 10
128, 2-40, int32_t, 1, 4, 1000000, 9
128, 2-60, int32_t, 1, 4, 1000000, 8
128, 2-80, int32_t, 1, 4, 1000000, 8
128, 2-100, int32_t, 1, 4, 1000000, 9
128, 5-20, int32_t, 1, 4, 1000000, 10
128, 5-40, int32_t, 1, 4, 1000000, 8
128, 5-60, int32_t, 1, 4, 1000000, 7
128, 5-80, int32_t, 1, 4, 1000000, 7
128, 5-100, int32_t, 1, 4, 1000000, 7
128, 20-20, int32_t, 1, 4, 1000000, 10
128, 20-40, int32_t, 1, 4, 1000000, 7
128, 20-60, int32_t, 1, 4, 1000000, 7
128, 20-80, int32_t, 1, 4, 1000000, 7
128, 20-100, int32_t, 1, 4, 1000000, 5
128, 2-20, int32_t, 1, 6, 1000000, 16
128, 2-40, int32_t, 1, 6, 1000000, 7
128, 2-60, int32_t, 1, 6, 1000000, 8
128, 2-80, int32_t, 1, 6, 1000000, 7
128, 2-100, int32_t, 1, 6, 1000000, 10
128, 5-20, int32_t, 1, 6, 1000000, 17
128, 5-40, int32_t, 1, 6, 1000000, 6
128, 5-60, int32_t, 1, 6, 1000000, 6
128, 5-80, int32_t, 1, 6, 1000000, 8
128, 5-100, int32_t, 1, 6, 1000000, 7
128, 20-20, int32_t, 1, 6, 1000000, 15
128, 20-40, int32_t, 1, 6, 1000000, 6
128, 20-60, int32_t, 1, 6, 1000000, 6
128, 20-80, int32_t, 1, 6, 1000000, 7
128, 20-100, int32_t, 1, 6, 1000000, 8
128, 2-20, int32_t, 2, 1, 1000000, 5
128, 2-40, int32_t, 2, 1, 1000000, 6
128, 2-60, int32_t, 2, 1, 1000000, 5
128, 2-80, int32_t, 2, 1, 1000000, 7
128, 2-100, int32_t, 2, 1, 1000000, 9
128, 5-20, int32_t, 2, 1, 1000000, 5
128, 5-40, int32_t, 2, 1, 1000000, 6
128, 5-60, int32_t, 2, 1, 1000000, 5
128, 5-80, int32_t, 2, 1, 1000000, 7
128, 5-100, int32_t, 2, 1, 1000000, 9
128, 20-20, int32_t, 2, 1, 1000000, 5
128, 20-40, int32_t, 2, 1, 1000000, 5
128, 20-60, int32_t, 2, 1, 1000000, 5
128, 20-80, int32_t, 2, 1, 1000000, 5
128, 20-100, int32_t, 2, 1, 1000000, 5
128, 2-20, int32_t, 2, 2, 1000000, 6
128, 2-40, int32_t, 2, 2, 1000000, 5
128, 2-60, int32_t, 2, 2, 1000000, 4
128, 2-80, int32_t, 2, 2, 1000000, 7
128, 2-100, int32_t, 2, 2, 1000000, 7
128, 5-20, int32_t, 2, 2, 1000000, 5
128, 5-40, int32_t, 2, 2, 1000000, 4
128, 5-60, int32_t, 2, 2, 1000000, 4
128, 5-80, int32_t, 2, 2, 1000000, 5
128, 5-100, int32_t, 2, 2, 1000000, 5
128, 20-20, int32_t, 2, 2, 1000000, 6
128, 20-40, int32_t, 2, 2, 1000000, 4
128, 20-60, int32_t, 2, 2, 1000000, 5
128, 20-80, int32_t, 2, 2, 1000000, 4
128, 20-100, int32_t, 2, 2, 1000000, 5
128, 2-20, int32_t, 2, 4, 1000000, 13
128, 2-40, int32_t, 2, 4, 1000000, 7
128, 2-60, int32_t, 2, 4, 1000000, 6
128, 2-80, int32_t, 2, 4, 1000000, 6
128, 2-100, int32_t, 2, 4, 1000000, 6
128, 5-20, int32_t, 2, 4, 1000000, 12
128, 5-40, int32_t, 2, 4, 1000000, 7
128, 5-60, int32_t, 2, 4, 1000000, 6
128, 5-80, int32_t, 2, 4, 1000000, 5
128, 5-100, int32_t, 2, 4, 1000000, 6
128, 20-20, int32_t, 2, 4, 1000000, 12
128, 20-40, int32_t, 2, 4, 1000000, 6
128, 20-60, int32_t, 2, 4, 1000000, 6
128, 20-80, int32_t, 2, 4, 1000000, 5
128, 20-100, int32_t, 2, 4, 1000000, 5
128, 2-20, int32_t, 2, 6, 1000000, 19
128, 2-40, int32_t, 2, 6, 1000000, 8
128, 2-60, int32_t, 2, 6, 1000000, 6
128, 2-80, int32_t, 2, 6, 1000000, 6
128, 2-100, int32_t, 2, 6, 1000000, 7
128, 5-20, int32_t, 2, 6, 1000000, 20
128, 5-40, int32_t, 2, 6, 1000000, 7
128, 5-60, int32_t, 2, 6, 1000000, 6
128, 5-80, int32_t, 2, 6, 1000000, 6
128, 5-100, int32_t, 2, 6, 1000000, 7
128, 20-20, int32_t, 2, 6, 1000000, 20
128, 20-40, int32_t, 2, 6, 1000000, 7
128, 20-60, int32_t, 2, 6, 1000000, 6
128, 20-80, int32_t, 2, 6, 1000000, 7
128, 20-100, int32_t, 2, 6, 1000000, 6
128, 2-20, int32_t, 4, 1, 1000000, 8
128, 2-40, int32_t, 4, 1, 1000000, 7
128, 2-60, int32_t, 4, 1, 1000000, 8
128, 2-80, int32_t, 4, 1, 1000000, 8
128, 2-100, int32_t, 4, 1, 1000000, 10
128, 5-20, int32_t, 4, 1, 1000000, 10
128, 5-40, int32_t, 4, 1, 1000000, 6
128, 5-60, int32_t, 4, 1, 1000000, 8
128, 5-80, int32_t, 4, 1, 1000000, 9
128, 5-100, int32_t, 4, 1, 1000000, 9
128, 20-20, int32_t, 4, 1, 1000000, 10
128, 20-40, int32_t, 4, 1, 1000000, 8
128, 20-60, int32_t, 4, 1, 1000000, 7
128, 20-80, int32_t, 4, 1, 1000000, 6
128, 20-100, int32_t, 4, 1, 1000000, 6
128, 2-20, int32_t, 4, 2, 1000000, 13
128, 2-40, int32_t, 4, 2, 1000000, 7
128, 2-60, int32_t, 4, 2, 1000000, 6
128, 2-80, int32_t, 4, 2, 1000000, 6
128, 2-100, int32_t, 4, 2, 1000000, 7
128, 5-20, int32_t, 4, 2, 1000000, 13
128, 5-40, int32_t, 4, 2, 1000000, 7
128, 5-60, int32_t, 4, 2, 1000000, 6
128, 5-80, int32_t, 4, 2, 1000000, 6
128, 5-100, int32_t, 4, 2, 1000000, 7
128, 20-20, int32_t, 4, 2, 1000000, 7
128, 20-40, int32_t, 4, 2, 1000000, 7
128, 20-60, int32_t, 4, 2, 1000000, 5
128, 20-80, int32_t, 4, 2, 1000000, 7
128, 20-100, int32_t, 4, 2, 1000000, 6
128, 2-20, int32_t, 4, 4, 1000000, 12
128, 2-40, int32_t, 4, 4, 1000000, 7
128, 2-60, int32_t, 4, 4, 1000000, 6
128, 2-80, int32_t, 4, 4, 1000000, 6
128, 2-100, int32_t, 4, 4, 1000000, 7
128, 5-20, int32_t, 4, 4, 1000000, 12
128, 5-40, int32_t, 4, 4, 1000000, 7
128, 5-60, int32_t, 4, 4, 1000000, 6
128, 5-80, int32_t, 4, 4, 1000000, 6
128, 5-100, int32_t, 4, 4, 1000000, 6
128, 20-20, int32_t, 4, 4, 1000000, 12
128, 20-40, int32_t, 4, 4, 1000000, 7
128, 20-60, int32_t, 4, 4, 1000000, 6
128, 20-80, int32_t, 4, 4, 1000000, 5
128, 20-100, int32_t, 4, 4, 1000000, 5
128, 2-20, int32_t, 4, 6, 1000000, 22
128, 2-40, int32_t, 4, 6, 1000000, 8
128, 2-60, int32_t, 4, 6, 1000000, 7
128, 2-80, int32_t, 4, 6, 1000000, 6
128, 2-100, int32_t, 4, 6, 1000000, 6
128, 5-20, int32_t, 4, 6, 1000000, 21
128, 5-40, int32_t, 4, 6, 1000000, 8
128, 5-60, int32_t, 4, 6, 1000000, 6
128, 5-80, int32_t, 4, 6, 1000000, 6
128, 5-100, int32_t, 4, 6, 1000000, 6
128, 20-20, int32_t, 4, 6, 1000000, 21
128, 20-40, int32_t, 4, 6, 1000000, 8
128, 20-60, int32_t, 4, 6, 1000000, 6
128, 20-80, int32_t, 4, 6, 1000000, 6
128, 20-100, int32_t, 4, 6, 1000000, 6
128, 2-20, int32_t, 6, 1, 1000000, 15
128, 2-40, int32_t, 6, 1, 1000000, 8
128, 2-60, int32_t, 6, 1, 1000000, 8
128, 2-80, int32_t, 6, 1, 1000000, 9
128, 2-100, int32_t, 6, 1, 1000000, 11
128, 5-20, int32_t, 6, 1, 1000000, 15
128, 5-40, int32_t, 6, 1, 1000000, 8
128, 5-60, int32_t, 6, 1, 1000000, 8
128, 5-80, int32_t, 6, 1, 1000000, 9
128, 5-100, int32_t, 6, 1, 1000000, 10
128, 20-20, int32_t, 6, 1, 1000000, 15
128, 20-40, int32_t, 6, 1, 1000000, 7
128, 20-60, int32_t, 6, 1, 1000000, 8
128, 20-80, int32_t, 6, 1, 1000000, 8
128, 20-100, int32_t, 6, 1, 1000000, 9
128, 2-20, int32_t, 6, 2, 1000000, 20
128, 2-40, int32_t, 6, 2, 1000000, 9
128, 2-60, int32_t, 6, 2, 1000000, 6
128, 2-80, int32_t, 6, 2, 1000000, 7
128, 2-100, int32_t, 6, 2, 1000000, 7
128, 5-20, int32_t, 6, 2, 1000000, 18
128, 5-40, int32_t, 6, 2, 1000000, 8
128, 5-60, int32_t, 6, 2, 1000000, 6
128, 5-80, int32_t, 6, 2, 1000000, 6
128, 5-100, int32_t, 6, 2, 1000000, 7
128, 20-20, int32_t, 6, 2, 1000000, 19
128, 20-40, int32_t, 6, 2, 1000000, 7
128, 20-60, int32_t, 6, 2, 1000000, 6
128, 20-80, int32_t, 6, 2, 1000000, 7
128, 20-100, int32_t, 6, 2, 1000000, 6
128, 2-20, int32_t, 6, 4, 1000000, 24
128, 2-40, int32_t, 6, 4, 1000000, 9
128, 2-60, int32_t, 6, 4, 1000000, 7
128, 2-80, int32_t, 6, 4, 1000000, 6
128, 2-100, int32_t, 6, 4, 1000000, 6
128, 5-20, int32_t, 6, 4, 1000000, 24
128, 5-40, int32_t, 6, 4, 1000000, 9
128, 5-60, int32_t, 6, 4, 1000000, 7
128, 5-80, int32_t, 6, 4, 1000000, 6
128, 5-100, int32_t, 6, 4, 1000000, 5
128, 20-20, int32_t, 6, 4, 1000000, 22
128, 20-40, int32_t, 6, 4, 1000000, 8
128, 20-60, int32_t, 6, 4, 1000000, 7
128, 20-80, int32_t, 6, 4, 1000000, 6
128, 20-100, int32_t, 6, 4, 1000000, 5
128, 2-20, int32_t, 6, 6, 1000000, 17
128, 2-40, int32_t, 6, 6, 1000000, 9
128, 2-60, int32_t, 6, 6, 1000000, 6
128, 2-80, int32_t, 6, 6, 1000000, 6
128, 2-100, int32_t, 6, 6, 1000000, 5
128, 5-20, int32_t, 6, 6, 1000000, 19
128, 5-40, int32_t, 6, 6, 1000000, 9
128, 5-60, int32_t, 6, 6, 1000000, 6
128, 5-80, int32_t, 6, 6, 1000000, 6
128, 5-100, int32_t, 6, 6, 1000000, 6
128, 20-20, int32_t, 6, 6, 1000000, 19
128, 20-40, int32_t, 6, 6, 1000000, 8
128, 20-60, int32_t, 6, 6, 1000000, 6
128, 20-80, int32_t, 6, 6, 1000000, 6
128, 20-100, int32_t, 6, 6, 1000000, 5
128, 2-20, int32_t, 1, 1, 1000000, 2
128, 2-40, int32_t, 1, 1, 1000000, 3
128, 2-60, int32_t, 1, 1, 1000000, 2
128, 2-80, int32_t, 1, 1, 1000000, 3
128, 2-100, int32_t, 1, 1, 1000000, 3
128, 5-20, int32_t, 1, 1, 1000000, 3
128, 5-40, int32_t, 1, 1, 1000000, 3
128, 5-60, int32_t, 1, 1, 1000000, 5
128, 5-80, int32_t, 1, 1, 1000000, 5
128, 5-100, int32_t, 1, 1, 1000000, 3
128, 20-20, int32_t, 1, 1, 1000000, 2
128, 20-40, int32_t, 1, 1, 1000000, 3
128, 20-60, int32_t, 1, 1, 1000000, 2
128, 20-80, int32_t, 1, 1, 1000000, 3
128, 20-100, int32_t, 1, 1, 1000000, 3
128, 2-20, int32_t, 1, 2, 1000000, 5
128, 2-40, int32_t, 1, 2, 1000000, 4
128, 2-60, int32_t, 1, 2, 1000000, 4
128, 2-80, int32_t, 1, 2, 1000000, 5
128, 2-100, int32_t, 1, 2, 1000000, 5
128, 5-20, int32_t, 1, 2, 1000000, 4
128, 5-40, int32_t, 1, 2, 1000000, 5
128, 5-60, int32_t, 1, 2, 1000000, 5
128, 5-80, int32_t, 1, 2, 1000000, 5
128, 5-100, int32_t, 1, 2, 1000000, 4
128, 20-20, int32_t, 1, 2, 1000000, 5
128, 20-40, int32_t, 1, 2, 1000000, 5
128, 20-60, int32_t, 1, 2, 1000000, 4
128, 20-80, int32_t, 1, 2, 1000000, 5
128, 20-100, int32_t, 1, 2, 1000000, 4
128, 2-20, int32_t, 1, 4, 1000000, 10
128, 2-40, int32_t, 1, 4, 1000000, 7
128, 2-60, int32_t, 1, 4, 1000000, 7
128, 2-80, int32_t, 1, 4, 1000000, 7
128, 2-100, int32_t, 1, 4, 1000000, 8
128, 5-20, int32_t, 1, 4, 1000000, 10
128, 5-40, int32_t, 1, 4, 1000000, 6
128, 5-60, int32_t, 1, 4, 1000000, 6
128, 5-80, int32_t, 1, 4, 1000000, 6
128, 5-100, int32_t, 1, 4, 1000000, 6
128, 20-20, int32_t, 1, 4, 1000000, 10
128, 20-40, int32_t, 1, 4, 1000000, 6
128, 20-60, int32_t, 1, 4, 1000000, 6
128, 20-80, int32_t, 1, 4, 1000000, 6
128, 20-100, int32_t, 1, 4, 1000000, 5
128, 2-20, int32_t, 1, 6, 1000000, 15
128, 2-40, int32_t, 1, 6, 1000000, 7
128, 2-60, int32_t, 1, 6, 1000000, 7
128, 2-80, int32_t, 1, 6, 1000000, 8
128, 2-100, int32_t, 1, 6, 1000000, 9
128, 5-20, int32_t, 1, 6, 1000000, 15
128, 5-40, int32_t, 1, 6, 1000000, 9
128, 5-60, int32_t, 1, 6, 1000000, 7
128, 5-80, int32_t, 1, 6, 1000000, 9
128, 5-100, int32_t, 1, 6, 1000000, 9
128, 20-20, int32_t, 1, 6, 1000000, 15
128, 20-40, int32_t, 1, 6, 1000000, 8
128, 20-60, int32_t, 1, 6, 1000000, 6
128, 20-80, int32_t, 1, 6, 1000000, 7
128, 20-100, int32_t, 1, 6, 1000000, 8
128, 2-20, int32_t, 2, 1, 1000000, 5
128, 2-40, int32_t, 2, 1, 1000000, 6
128, 2-60, int32_t, 2, 1, 1000000, 4
128, 2-80, int32_t, 2, 1, 1000000, 4
128, 2-100, int32_t, 2, 1, 1000000, 10
128, 5-20, int32_t, 2, 1, 1000000, 5
128, 5-40, int32_t, 2, 1, 1000000, 6
128, 5-60, int32_t, 2, 1, 1000000, 4
128, 5-80, int32_t, 2, 1, 1000000, 8
128, 5-100, int32_t, 2, 1, 1000000, 7
128, 20-20, int32_t, 2, 1, 1000000, 5
128, 20-40, int32_t, 2, 1, 1000000, 4
128, 20-60, int32_t, 2, 1, 1000000, 4
128, 20-80, int32_t, 2, 1, 1000000, 4
128, 20-100, int32_t, 2, 1, 1000000, 4
128, 2-20, int32_t, 2, 2, 1000000, 5
128, 2-40, int32_t, 2, 2, 1000000, 4
128, 2-60, int32_t, 2, 2, 1000000, 4
128, 2-80, int32_t, 2, 2, 1000000, 4
128, 2-100, int32_t, 2, 2, 1000000, 5
128, 5-20, int32_t, 2, 2, 1000000, 4
128, 5-40, int32_t, 2, 2, 1000000, 4
128, 5-60, int32_t, 2, 2, 1000000, 4
128, 5-80, int32_t, 2, 2, 1000000, 4
128, 5-100, int32_t, 2, 2, 1000000, 6
128, 20-20, int32_t, 2, 2, 1000000, 5
128, 20-40, int32_t, 2, 2, 1000000, 3
128, 20-60, int32_t, 2, 2, 1000000, 4
128, 20-80, int32_t, 2, 2, 1000000, 4
128, 20-100, int32_t, 2, 2, 1000000, 4
128, 2-20, int32_t, 2, 4, 1000000, 13
128, 2-40, int32_t, 2, 4, 1000000, 7
128, 2-60, int32_t, 2, 4, 1000000, 5
128, 2-80, int32_t, 2, 4, 1000000, 6
128, 2-100, int32_t, 2, 4, 1000000, 6
128, 5-20, int32_t, 2, 4, 1000000, 12
128, 5-40, int32_t, 2, 4, 1000000, 7
128, 5-60, int32_t, 2, 4, 1000000, 6
128, 5-80, int32_t, 2, 4, 1000000, 5
128, 5-100, int32_t, 2, 4, 1000000, 6
128, 20-20, int32_t, 2, 4, 1000000, 12
128, 20-40, int32_t, 2, 4, 1000000, 6
128, 20-60, int32_t, 2, 4, 1000000, 6
128, 20-80, int32_t, 2, 4, 1000000, 5
128, 20-100, int32_t, 2, 4, 1000000, 6
128, 2-20, int32_t, 2, 6, 1000000, 20
128, 2-40, int32_t, 2, 6, 1000000, 7
128, 2-60, int32_t, 2, 6, 1000000, 6
128, 2-80, int32_t, 2, 6, 1000000, 6
128, 2-100, int32_t, 2, 6, 1000000, 6
128, 5-20, int32_t, 2, 6, 1000000, 20
128, 5-40, int32_t, 2, 6, 1000000, 7
128, 5-60, int32_t, 2, 6, 1000000, 6
128, 5-80, int32_t, 2, 6, 1000000, 6
128, 5-100, int32_t, 2, 6, 1000000, 7
128, 20-20, int32_t, 2, 6, 1000000, 20
128, 20-40, int32_t, 2, 6, 1000000, 7
128, 20-60, int32_t, 2, 6, 1000000, 6
128, 20-80, int32_t, 2, 6, 1000000, 7
128, 20-100, int32_t, 2, 6, 1000000, 6
128, 2-20, int32_t, 4, 1, 1000000, 10
128, 2-40, int32_t, 4, 1, 1000000, 7
128, 2-60, int32_t, 4, 1, 1000000, 7
128, 2-80, int32_t, 4, 1, 1000000, 8
128, 2-100, int32_t, 4, 1, 1000000, 10
128, 5-20, int32_t, 4, 1, 1000000, 9
128, 5-40, int32_t, 4, 1, 1000000, 7
128, 5-60, int32_t, 4, 1, 1000000, 7
128, 5-80, int32_t, 4, 1, 1000000, 8
128, 5-100, int32_t, 4, 1, 1000000, 9
128, 20-20, int32_t, 4, 1, 1000000, 9
128, 20-40, int32_t, 4, 1, 1000000, 6
128, 20-60, int32_t, 4, 1, 1000000, 7
128, 20-80, int32_t, 4, 1, 1000000, 7
128, 20-100, int32_t, 4, 1, 1000000, 7
128, 2-20, int32_t, 4, 2, 1000000, 12
128, 2-40, int32_t, 4, 2, 1000000, 7
128, 2-60, int32_t, 4, 2, 1000000, 6
128, 2-80, int32_t, 4, 2, 1000000, 6
128, 2-100, int32_t, 4, 2, 1000000, 7
128, 5-20, int32_t, 4, 2, 1000000, 12
128, 5-40, int32_t, 4, 2, 1000000, 7
128, 5-60, int32_t, 4, 2, 1000000, 6
128, 5-80, int32_t, 4, 2, 1000000, 6
128, 5-100, int32_t, 4, 2, 1000000, 6
128, 20-20, int32_t, 4, 2, 1000000, 12
128, 20-40, int32_t, 4, 2, 1000000, 7
128, 20-60, int32_t, 4, 2, 1000000, 5
128, 20-80, int32_t, 4, 2, 1000000, 5
128, 20-100, int32_t, 4, 2, 1000000, 5
128, 2-20, int32_t, 4, 4, 1000000, 11
128, 2-40, int32_t, 4, 4, 1000000, 7
128, 2-60, int32_t, 4, 4, 1000000, 6
128, 2-80, int32_t, 4, 4, 1000000, 5
128, 2-100, int32_t, 4, 4, 1000000, 5
128, 5-20, int32_t, 4, 4, 1000000, 12
128, 5-40, int32_t, 4, 4, 1000000, 7
128, 5-60, int32_t, 4, 4, 1000000, 6
128, 5-80, int32_t, 4, 4, 1000000, 6
128, 5-100, int32_t, 4, 4, 1000000, 5
128, 20-20, int32_t, 4, 4, 1000000, 11
128, 20-40, int32_t, 4, 4, 1000000, 6
128, 20-60, int32_t, 4, 4, 1000000, 6
128, 20-80, int32_t, 4, 4, 1000000, 5
128, 20-100, int32_t, 4, 4, 1000000, 6
128, 2-20, int32_t, 4, 6, 1000000, 25
128, 2-40, int32_t, 4, 6, 1000000, 8
128, 2-60, int32_t, 4, 6, 1000000, 6
128, 2-80, int32_t, 4, 6, 1000000, 6
128, 2-100, int32_t, 4, 6, 1000000, 6
128, 5-20, int32_t, 4, 6, 1000000, 22
128, 5-40, int32_t, 4, 6, 1000000, 8
128, 5-60, int32_t, 4, 6, 1000000, 6
128, 5-80, int32_t, 4, 6, 1000000, 6
128, 5-100, int32_t, 4, 6, 1000000, 6
128, 20-20, int32_t, 4, 6, 1000000, 23
128, 20-40, int32_t, 4, 6, 1000000, 8
128, 20-60, int32_t, 4, 6, 1000000, 6
128, 20-80, int32_t, 4, 6, 1000000, 6
128, 20-100, int32_t, 4, 6, 1000000, 6
128, 2-20, int32_t, 6, 1, 1000000, 14
128, 2-40, int32_t, 6, 1, 1000000, 7
128, 2-60, int32_t, 6, 1, 1000000, 8
128, 2-80, int32_t, 6, 1, 1000000, 10
128, 2-100, int32_t, 6, 1, 1000000, 11
128, 5-20, int32_t, 6, 1, 1000000, 15
128, 5-40, int32_t, 6, 1, 1000000, 7
128, 5-60, int32_t, 6, 1, 1000000, 8
128, 5-80, int32_t, 6, 1, 1000000, 9
128, 5-100, int32_t, 6, 1, 1000000, 10
128, 20-20, int32_t, 6, 1, 1000000, 15
128, 20-40, int32_t, 6, 1, 1000000, 7
128, 20-60, int32_t, 6, 1, 1000000, 7
128, 20-80, int32_t, 6, 1, 1000000, 8
128, 20-100, int32_t, 6, 1, 1000000, 9
128, 2-20, int32_t, 6, 2, 1000000, 18
128, 2-40, int32_t, 6, 2, 1000000, 8
128, 2-60, int32_t, 6, 2, 1000000, 7
128, 2-80, int32_t, 6, 2, 1000000, 6
128, 2-100, int32_t, 6, 2, 1000000, 8
128, 5-20, int32_t, 6, 2, 1000000, 18
128, 5-40, int32_t, 6, 2, 1000000, 7
128, 5-60, int32_t, 6, 2, 1000000, 6
128, 5-80, int32_t, 6, 2, 1000000, 6
128, 5-100, int32_t, 6, 2, 1000000, 6
128, 20-20, int32_t, 6, 2, 1000000, 19
128, 20-40, int32_t, 6, 2, 1000000, 9
128, 20-60, int32_t, 6, 2, 1000000, 8
128, 20-80, int32_t, 6, 2, 1000000, 7
128, 20-100, int32_t, 6, 2, 1000000, 7
128, 2-20, int32_t, 6, 4, 1000000, 21
128, 2-40, int32_t, 6, 4, 1000000, 8
128, 2-60, int32_t, 6, 4, 1000000, 7
128, 2-80, int32_t, 6, 4, 1000000, 6
128, 2-100, int32_t, 6, 4, 1000000, 6
128, 5-20, int32_t, 6, 4, 1000000, 21
128, 5-40, int32_t, 6, 4, 1000000, 9
128, 5-60, int32_t, 6, 4, 1000000, 6
128, 5-80, int32_t, 6, 4, 1000000, 7
128, 5-100, int32_t, 6, 4, 1000000, 6
128, 20-20, int32_t, 6, 4, 1000000, 24
128, 20-40, int32_t, 6, 4, 1000000, 9
128, 20-60, int32_t, 6, 4, 1000000, 7
128, 20-80, int32_t, 6, 4, 1000000, 6
128, 20-100, int32_t, 6, 4, 1000000, 6
128, 2-20, int32_t, 6, 6, 1000000, 19
128, 2-40, int32_t, 6, 6, 1000000, 9
128, 2-60, int32_t, 6, 6, 1000000, 7
128, 2-80, int32_t, 6, 6, 1000000, 6
128, 2-100, int32_t, 6, 6, 1000000, 6
128, 5-20, int32_t, 6, 6, 1000000, 19
128, 5-40, int32_t, 6, 6, 1000000, 9
128, 5-60, int32_t, 6, 6, 1000000, 7
128, 5-80, int32_t, 6, 6, 1000000, 6
128, 5-100, int32_t, 6, 6, 1000000, 6
128, 20-20, int32_t, 6, 6, 1000000, 19
128, 20-40, int32_t, 6, 6, 1000000, 9
128, 20-60, int32_t, 6, 6, 1000000, 7
128, 20-80, int32_t, 6, 6, 1000000, 6
128, 20-100, int32_t, 6, 6, 1000000, 6
